id,filename,title,authors,author_full
A36762,A36762.xml,Psyche Debauched,"Duffett, Thomas","Duffett, Thomas."
A20100,A20100.xml,Westward Ho,"Dekker, Thomas;Webster, John","Dekker, Thomas, ca. 1572-1632."
A36986,A36986.xml,"Love for Money, or The Boarding School","D'Urfey, Thomas","D'Urfey, Thomas, 1653-1723."
A55548,A55548.xml,A Very Good Wife,"Powell, George","Powell, George, 1658?-1714."
A36979,A36979.xml,"A Fool's Preferment, or The Three Dukes of Dunstable","D'Urfey, Thomas","D'Urfey, Thomas, 1653-1723."
A46246,A46246.xml,"The Goldsmiths' Jubilee, or London's Triumphs","Jordan, Thomas","Jordan, Thomas, 1612?-1685?"
A35280,A35280.xml,1 & 2 The Destruction of Jerusalem by Titus Vespasian,"Crowe, John","Crown, Mr. (John), 1640?-1712."
A07971,A07971.xml,Covent Garden,"Nabbes, Thomas","Nabbes, Thomas, 1605?-1645?"
A07018,A07018.xml,Edward the Second,"Marlowe, Christopher","Marlowe, Christopher, 1564-1593."
A03256,A03256.xml,A Woman Killed with Kindness,"Heywood, Thomas","Heywood, Thomas, d. 1641."
A04539,A04539.xml,The Devil's Charter,"Barnes, Barnabe","Barnes, Barnabe, 1569?-1609."
A15352,A15352.xml,The Miseries of Enforced Marriage,"Wilkins, George","Wilkins, George, fl. 1607."
A51504,A51504.xml,"The Novelty: Every Act a Play: Consists of Thyrsis (Pastoral), by Oldmixon; All without Money (Comedy), by Motteux; Hercules ('Mask'), by Motteux; The Unfortunate Couple (Tragedy; alteration of The Unnatural Brother, above), by Filmer; Natural Magic (Farc","Motteux, Peter","Motteux, Peter Anthony, 1660-1718."
A03242,A03242.xml,"Porta Pietatis, or The Port or Harbor of Piety","Heywood, Thomas","Heywood, Thomas, d. 1641."
A07024,A07024.xml,A Fine Companion,"Marmion, Shakerly","Marmion, Shackerley, 1603-1639."
A59979,A59979.xml,The Gentleman of Venice,"Shirley, James","Shirley, James, 1596-1666."
A19346,A19346.xml,1 The Cid,"Corneille, Pierre","Corneille, Pierre, 1606-1684."
A01509,A01509.xml,The Most Virtuous and Godly Susanna,"Garter, Thomas","Garter, Thomas."
A16527_03,A16527_03.xml,The Alexandraean Tragedy,"Alexander, William","Stirling, William Alexander, Earl of, 1567 or 8-1640."
A27294,A27294.xml,"The Forced Marriage, or the Jealous Bridegroom","Behn, Aphra","Behn, Aphra, 1640-1689."
A03201_01,A03201_01.xml,1 The Fair Maid of the West,"Heywood, Thomas","Heywood, Thomas, d. 1641."
A01253,A01253.xml,Imperiale,"Freeman, Sir Ralph","Freeman, Ralph, Sir, fl. 1610-1655."
A13125,A13125.xml,Aglaura,"Suckling, Sir John","Suckling, John, Sir, 1609-1642."
A27280,A27280.xml,"The City Heiress, or Sir Timothy Treatall","Behn, Aphra","Behn, Aphra, 1640-1689."
A36602,A36602.xml,Aureng-Zebe,"Dryden, John","Dryden, John, 1631-1700."
A40958,A40958.xml,"The Constant Couple, or A Trip to the Jubilee","Farquhar, George","Farquhar, George, 1677?-1707."
A35337,A35337.xml,"Sir Salomon, or The Cautious Coxcomb","Caryl, John","Caryll, John, 1625-1711."
A63171,A63171.xml,Aqua Triumphalis,"Tatham, John","Tatham, John, fl. 1632-1664."
A47372_01,A47372_01.xml,The Princess,"Killigrew, Thomas","Killigrew, Thomas, 1612-1683."
A49940,A49940.xml,"Sophonisba, or Hannibal's Overthrow","Lee, Nathaniel","Lee, Nathaniel, 1653?-1692."
A37285,A37285.xml,The Parliament of Bees,"Day, John","Day, John, 1574-1640?"
A51115,A51115.xml,The Citizen Turned Gentleman,"Ravenscroft, Edward","Ravenscroft, Edward, 1654?-1707."
A04896,A04896.xml,Rhodon and Iris,"Knevet, Ralph","Knevet, Ralph, 1600-1671."
A12010,A12010.xml,"An excellent conceited tragedie of Romeo and Iuliet. As it hath been often (with great applause) plaid publiquely, by the right Honourable t",,"Shakespeare, William, 1564-1616."
A01911,A01911.xml,Sir Giles Goosecap,"Chapman, George","Chapman, George, 1559?-1634."
A07637,A07637.xml,Hans Beer-Pot,"Belchier, Dabridgcourt","Belchier, Dabridgcourt, 1580?-1621."
A08262,A08262.xml,Nobody and Somebody,Anon.,
A01520,A01520.xml,The Glass of Government,"Gascoigne, George","Gascoigne, George, 1542?-1577."
A12548,A12548.xml,"The Hector of Germany, or The Palsgrave, Prime Elector","Smith, Wentworth (?);Smith, William (?)","Smith, Wentworth, fl. 1601-1623."
A16527_02,A16527_02.xml,Darius,"Alexander, William","Stirling, William Alexander, Earl of, 1567 or 8-1640."
A19347,A19347.xml,2 The Cid,"Desfontaines, Nicolas-Marc","Desfontaines, Nicolas-Marc, d. 1652."
A34564,A34564.xml,"The Generous Enemies, or The Ridiculous Lovers","Corye, John","Corye, John."
A07025,A07025.xml,Holland's Leaguer,"Marmion, Shackerley","Marmion, Shackerley, 1603-1639."
A30845,A30845.xml,"The Rival Kings, or The Loves of Oroondates and Statira","Banks, John","Banks, John, d. 1706."
A27322,A27322.xml,"1 The Rover, or The Banished Cavaliers","Behn, Aphra","Behn, Aphra, 1640-1689."
A05801,A05801.xml,The Valiant Welshman,"A., R.","R. A., Gent."
A00979,A00979.xml,Sicelides,"Fletcher, Phineas","Fletcher, Phineas, 1582-1650."
A07970,A07970.xml,The Bride,"Nabbes, Thomas","Nabbes, Thomas, 1605?-1645?"
A07555,A07555.xml,Comus,"Milton, John","Milton, John, 1608-1674."
A59429,A59429.xml,"The Lancashire Witches, and Tegue O'Divelly the Irish Priest","Shadwell, Thomas","Shadwell, Thomas, 1642?-1692."
A66801,A66801.xml,"1 The Wits, or Sport upon Sport: A collection of drolls fashioned from comic scenes in older plays: The Bouncing Knight, or The Robbers Robbed (From 1 Henry IV); The Bubble (from Greene's Tu Quoque); The Club-Men (from Philaster); The Doctors of Dull-Head","Kirkman, Francis","Kirkman, Francis, 1632-ca. 1680."
A12158,A12158.xml,The Young Admiral,"Shirley, James","Shirley, James, 1596-1666."
A36978,A36978.xml,The Fool Turned Critic,"D'Urfey, Thomas","D'Urfey, Thomas, 1653-1723."
A18404_01,A18404_01.xml,The Conspiracy of Charles Duke of Byron,"Chapman, George","Chapman, George, 1559?-1634."
A19757,A19757.xml,A Christian Turned Turk,"Daborne, Robert","Daborne, Robert, d. 1628."
A09222,A09222.xml,Descensus Astraeae,"Peele, George","Peele, George, 1556-1596."
A30312,A30312.xml,The Reformed Wife,"Burnaby, William","Burnaby, William, 1672 or 3-1706."
A36011,A36011.xml,The Lover's Luck,"Dilke, Thomas","Dilke, Mr. (Thomas), d. ca. 1698."
A09220,A09220.xml,The Arraignment of Paris,"Peele, George","Peele, George, 1556-1596."
A19755,A19755.xml,The Bloody Banquet,"Dekker, Thomas;Middleton, Thomas",[T.D.].
A35297,A35297.xml,"Sir Courtly Nice, or It Cannot Be","Crowne, John","Crown, Mr. (John), 1640?-1712."
A18463,A18463.xml,The Entertainment at Edinburgh,"Drummond, William (?)","Drummond, William, 1585-1649."
A27320,A27320.xml,"The Roundheads, or The Good Old Cause","Behn, Aphra","Behn, Aphra, 1640-1689."
A14715,A14715.xml,The Tide Tarrieth No Man,"Wapull, George","Wapull, George, fl. 1576."
A59615,A59615.xml,She Ventures and He Wins,Anon. ('Ariadne'),Ariadne.
A00760,A00760.xml,Fuimus Troes,"Fisher, Jasper","Fisher, Jasper, b. 1591."
A36588,A36588.xml,Albion Albanius,"Dryden, John","Dryden, John, 1631-1700."
A41700,A41700.xml,"The Rival Sisters, or The Violence of Love","Gould, Robert","Gould, Robert, d. 1709?"
A30847,A30847.xml,"The Unhappy Favourite, or The Earl of Essex","Banks, John","Banks, John, d. 1706."
A53462,A53462.xml,Henry V,"Boyle, Roger","Orrery, Roger Boyle, Earl of, 1621-1679."
A03255,A03255.xml,The Wise Woman of Hogsdon,"Heywood, Thomas","Heywood, Thomas, d. 1641."
A50792,A50792.xml,"The Counterfeit Bridegroom, or The Defeated Widow",Anon. (Behn?),"Middleton, Thomas, d. 1627."
A63358,A63358.xml,"London's Triumph, or The Goldsmiths' Jubilee","Taubman, Matthew","Taubman, Matthew, d. 1690?"
A16923,A16923.xml,The Antipodes,"Brome, Richard","Brome, Richard, d. 1652?"
A18729,A18729.xml,The Entertainment in Suffolk and Norfolk,"Churchyard, Thomas;Garter, Bernard;Goldingham, Henry","Churchyard, Thomas, 1520?-1604."
A49572,A49572.xml,Heroic Love,"Granville, George","Lansdowne, George Granville, Baron, 1667-1735."
A10407,A10407.xml,The Jealous Lovers,"Randolph, Thomas","Randolph, Thomas, 1605-1635."
A57764,A57764.xml,The Witch of Edmonton,"Dekker, Thomas;Rowley, William;Ford, John","Rowley, William, 1585?-1642?"
A03201_02,A03201_02.xml,2 The Fair Maid of the West,"Heywood, Thomas","Heywood, Thomas, d. 1641."
A20077,A20077.xml,Patient Grissel,"Dekker, Thomas;Chettle, Henry;Haughton, William","Dekker, Thomas, ca. 1572-1632."
A47372_02,A47372_02.xml,The Parson's Wedding,"Killigrew, Thomas","Killigrew, Thomas, 1612-1683."
A61942,A61942.xml,"Brennoralt, or The Discontented Colonel","Suckling, Sir John","Suckling, John, Sir, 1609-1642."
A01046,A01046.xml,The Broken Heart,"Ford, John","Ford, John, 1586-ca. 1640."
A20088,A20088.xml,Match Me in London,"Dekker, Thomas","Dekker, Thomas, ca. 1572-1632."
A04658,A04658.xml,"The New Inn, or The Light Heart","Jonson, Ben","Jonson, Ben, 1573?-1637."
A01052,A01052.xml,The Lady's Trial,"Ford, John","Ford, John, 1586-ca. 1640."
A01047,A01047.xml,Perkin Warbeck,"Ford, John","Ford, John, 1586-ca. 1640."
A04881,A04881.xml,Ram Alley,"Barry, Lording","Barry, Lording, 1580?-1629."
A35321,A35321.xml,"The English Princess, or The Death of Richard III","Caryl, John","Caryll, John, 1625-1711."
A36600,A36600.xml,"The Assignation, or Love in a Nunnery","Dryden, John","Dryden, John, 1631-1700."
A20062,A20062.xml,1 The Honest Whore,"Dekker, Thomas;Middleton, Thomas","Dekker, Thomas, ca. 1572-1632."
A20076,A20076.xml,Old Fortunatus,"Dekker, Thomas","Dekker, Thomas, ca. 1572-1632."
A53517,A53517.xml,Caius Marius,"Otway, Thomas","Otway, Thomas, 1652-1685."
A59990,A59990.xml,The Politician,"Shirley, James","Shirley, James, 1596-1666."
A16527_01,A16527_01.xml,Croesus,"Alexander, William","Stirling, William Alexander, Earl of, 1567 or 8-1640."
A49573,A49573.xml,The She Gallants,"Granville, George","Lansdowne, George Granville, Baron, 1667-1735."
A06270,A06270.xml,"A Larum for London, or The Siege of Antwerp",Anon.,"Gascoigne, George, 1542?-1577."
A39719,A39719.xml,Love's Kingdom,"Flecknoe, Richard","Flecknoe, Richard, d. 1678?"
A51499,A51499.xml,"The Island Princess, or The Generous Portuguese","Motteux, Peter","Motteux, Peter Anthony, 1660-1718."
A50787,A50787.xml,Anything for a Quiet Life,"Middleton, Thomas","Middleton, Thomas, d. 1627."
B07101,B07101.xml,The Triumph of Peace,"Shirley, James","Shirley, James, 1596-1666."
A72254,A72254.xml,The Rival Friends,"Hausted, Peter","Hausted, Peter, d. 1645."
A50793,A50793.xml,The Mayor of Quinborough,"Middleton, Thomas","Middleton, Thomas, d. 1627."
A03240,A03240.xml,A Maidenhead Well Lost,"Heywood, Thomas","Heywood, Thomas, d. 1641."
A53477,A53477.xml,"Mustapha, Son of Solyman the Magnificent","Boyle, Roger","Orrery, Roger Boyle, Earl of, 1621-1679."
A25278,A25278.xml,The Siege and Surrender of Mons,Anon.,"Ames, Richard, d. 1693."
A68191,A68191.xml,The Trial of Chivalry,Anon.,
A46278,A46278.xml,Triumphs of London,"Jordan, Thomas","Jordan, Thomas, 1612?-1685?"
A09221,A09221.xml,The Battle of Alcazar,"Peele, George","Peele, George, 1556-1596."
A18404_02,A18404_02.xml,The Tragedy of Charles Duke of Byron,"Chapman, George","Chapman, George, 1559?-1634."
A36984,A36984.xml,"The Intrigues at Versailles, or A Jilt in All Humours","D'Urfey, Thomas","D'Urfey, Thomas, 1653-1723."
A33146,A33146.xml,Xerxes,"Cibber, Colley","Cibber, Colley, 1671-1757."
A31023,A31023.xml,Mirza,"Baron, Robert","Baron, Robert, b. 1630."
A19977,A19977.xml,Law Tricks,"Day, John","Day, John, 1574-1640?"
A36994,A36994.xml,The Marriage Hater Matched,"D'Urfey, Thomas","D'Urfey, Thomas, 1653-1723."
A29644,A29644.xml,The Queen's Exchange,"Brome, Richard","Brome, Richard, d. 1652?"
A30315,A30315.xml,Landgartha,"Burnell, Henry","H. B. (Henry Burnell), fl. 1641."
A35279,A35279.xml,"Darius, King of Persia","Crowne, John","Crown, Mr. (John), 1640?-1712."
A07234,A07234.xml,The Bondman,"Massinger, Philip","Massinger, Philip, 1583-1640."
A19750,A19750.xml,"The Knave in Grain, New Vamped","D., J.","J. D., Gent."
A02827,A02827.xml,Apollo Shroving,"Hawkins, William","Hawkins, William, d. 1637."
A27331,A27331.xml,"The Widow Ranter, or The History of Bacon in Virginia","Behn, Aphra","Behn, Aphra, 1640-1689."
A59189,A59189.xml,"Troades, or The Royal Captives","Seneca, Lucius Annaeus","Seneca, Lucius Annaeus, ca. 4 B.C.-65 A.D."
A63229,A63229.xml,London's Triumphs,"Tatham, John","Tatham, John, fl. 1632-1664."
A03244,A03244.xml,The Rape of Lucrece,"Heywood, Thomas","Heywood, Thomas, d. 1641."
A51516,A51516.xml,Greenwich Park,"Mountfort, William","Mountfort, William, 1664?-1692."
A37724,A37724.xml,"Noah's Flood, or the Destruction of the World","Ecclestone, Edward","Ecclestone, Edward, fl. 1679."
A27279,A27279.xml,"The Amorous Prince, or The Curious Husband","Behn, Aphra","Behn, Aphra, 1640-1689."
A19816_03,A19816_03.xml,Cleopatra,"Daniel, Samuel","Daniel, Samuel, 1562-1619."
A53507,A53507.xml,Alcibiades,"Otway, Thomas","Otway, Thomas, 1652-1685."
A34588,A34588.xml,"Amorous Orontus, or The Love in Fashion","Corneille, Pierre","Corneille, Thomas, 1625-1709."
A10402,A10402.xml,Aristippus or The Jovial Philosopher,"Randolph, Thomas","Randolph, Thomas, 1605-1635."
A49952,A49952.xml,"Nero, Emperor of Rome","Lee, Nathaniel","Lee, Nathaniel, 1653?-1692."
A56872,A56872.xml,"The Queen, or The Excellency of Her Sex","Ford, John","Goughe, Alexander."
A20066,A20066.xml,"If It Be Not Good, the Devil Is in It","Dekker, Thomas","Dekker, Thomas, ca. 1572-1632."
A01057,A01057.xml,'Tis Pity She's a Whore,"Ford, John","Ford, John, 1586-ca. 1640."
A63188,A63188.xml,Londinium Triumphans,"Tatham, John","Tatham, John, fl. 1632-1664."
A12017,A12017.xml,"The most lamentable Romaine tragedie of Titus Andronicus As it was plaide by the right honourable the Earle of Darbie, Earle of Pembrooke, and Earle o",,"Shakespeare, William, 1564-1616."
A12016,A12016.xml,A wittie and pleasant comedie called The taming of the shrew. As it was acted by his Maiesties Seruants at the Blacke Friers and the Globe. Written by,,"Shakespeare, William, 1564-1616."
A20098,A20098.xml,Northward Ho,"Dekker, Thomas;Webster, John","Dekker, Thomas, ca. 1572-1632."
A01056,A01056.xml,Love's Sacrifice,"Ford, John","Ford, John, 1586-ca. 1640."
A04648,A04648.xml,Every Man Out of His Humour,"Jonson, Ben","Jonson, Ben, 1573?-1637."
A34947,A34947.xml,Courtship à la mode,"Crauford, William","Craufurd, David, 1665-1726."
A40793,A40793.xml,The Marriage Night,"Cary, (Henry, Lucius?)","Falkland, Henry Cary, Viscount, 1634-1663."
A49947,A49947.xml,"Theodosius, or The Force of Love","Lee, Nathaniel","Lee, Nathaniel, 1653?-1692."
A16527_04,A16527_04.xml,Caesar,"Alexander, William","Stirling, William Alexander, Earl of, 1567 or 8-1640."
A43729,A43729.xml,"A Fatal Mistake, or The Plot Spoiled","Haynes, Joe","Haines, Joseph, d. 1701."
A27293,A27293.xml,"The feignʻd curtizans, or, A nights intrigue. A comedy· As it is acted at the Dukes Theatre. Written by Mrs. A. Behn. Licensed Mar. 27. 1679",,"Behn, Aphra, 1640-1689."
A27287,A27287.xml,The Dutch Lover,"Behn, Aphra","Behn, Aphra, 1640-1689."
A50796,A50796.xml,The Spanish Gypsy,"Dekker, Thomas;Ford, John;Middleton, Thomas;Rowley, William","Middleton, Thomas, d. 1627."
A16927,A16927.xml,The Sparagus Garden,"Brome, Richard","Brome, Richard, d. 1652?"
A62863,A62863.xml,"Cuckolds Haven, or An Alderman No Conjurer","Tate, Nahum","Tate, Nahum, 1652-1715."
A51517,A51517.xml,"The Injured Lovers, or The Ambitious Father","Mountfort, William","Mountfort, William, 1664?-1692."
A02629,A02629.xml,Sicily and Naples,"Harding, Samuel","S.H. (Samuel Harding), b. 1618."
A48052,A48052.xml,"Sauny the Scot, or The Taming of the Shrew","Lacy, John","Lacy, John, d. 1681."
A07023,A07023.xml,"Dido, Queen of Carthage","Marlowe, Christopher;Nashe, Thomas","Marlowe, Christopher, 1564-1593."
A07976,A07976.xml,The Spring's Glory,"Nabbes, Thomas","Nabbes, Thomas, 1605?-1645?"
A39898,A39898.xml,The Sun's Darling,"Dekker, Thomas;Ford, John","Dekker, Thomas, ca. 1572-1632."
A33351,A33351.xml,"Marciano, or The Discovery","Clerke, William","Clark, William, advocate."
A46255,A46255.xml,London's Resurrection to Joy and Triumph,"Jordan, Thomas","Jordan, Thomas, 1612?-1685?"
A09224,A09224.xml,Edward the First,"Peele, George","Peele, George, 1556-1596."
A35287,A35287.xml,"Juliana, or The Princess of Poland","Crowne, John","Crown, Mr. (John), 1640?-1712."
A19976,A19976.xml,The Isle of Gulls,"Day,  John","Day, John, 1574-1640?"
A36759,A36759.xml,"The Mock Tempest, or The Enchanted Castle","Duffett, Thomas","Duffett, Thomas."
A36983,A36983.xml,"The Injured Princess, or The Fatal Wager","D'Urfey, Thomas","D'Urfey, Thomas, 1653-1723."
A15814,A15814.xml,Two Lamentable Tragedies,"Yarington, Robert","Yarington, Robert, fl. 1601."
A07237,A07237.xml,The Duke of Milan,"Massinger, Philip","Massinger, Philip, 1583-1640."
A12148,A12148.xml,The Opportunity,"Shirley, James","Shirley, James, 1596-1666."
A59411,A59411.xml,Bury Fair,"Shadwell, Thomas","Shadwell, Thomas, 1642?-1692."
A46257,A46257.xml,London's Triumphs,"Jordan, Thomas","Jordan, Thomas, 1612?-1685?"
A09232,A09232.xml,The Old Wives Tale,"Peele, George","Peele, George, 1556-1596."
A07974,A07974.xml,Hannibal and Scipio,"Nabbes, Thomas","Nabbes, Thomas, 1605?-1645?"
A00969,A00969.xml,The Two Noble Kinsmen,"Shakespeare, William","Fletcher, John, 1579-1625."
A30841,A30841.xml,"The Island Queens, or The Death of Mary Queen of Scotland","Banks, John","Banks, John, d. 1706."
A51501,A51501.xml,Love's a Jest,"Motteux, Peter","Motteux, Peter Anthony, 1660-1718."
A53458,A53458.xml,Guzman,"Boyle, Roger","Orrery, Roger Boyle, Earl of, 1621-1679."
A07009,A07009.xml,Dr. Faustus,"Marlowe, Christopher","Marlowe, Christopher, 1564-1593."
A33541,A33541.xml,Fatal Friendship,"Trotter, Catherine","Trotter, Catharine, 1679-1749."
A65075,A65075.xml,"The Relapse, or Virtue in Danger","Vanbrugh, John","Vanbrugh, John, Sir, 1664-1726."
A03496,A03496.xml,"Technogamia, or The Marriages of the Arts","Holiday, Barten","Holyday, Barten, 1593-1661."
A59968,A59968.xml,"Henry III of France, Stabbed by a Friar, with the Fall of the Guise","Shipman, Thomas","Shipman, Thomas, 1632-1680."
A19816_00,A19816_00.xml,Delia,"Daniel, Samuel","Daniel, Samuel, 1562-1619."
A27291,A27291.xml,"The False Count, or A New Way to Play an Old Game","Behn, Aphra","Behn, Aphra, 1640-1689."
A53510,A53510.xml,"The Atheist, or The Second Part of the Soldier's Fortune","Otway, Thomas","Otway, Thomas, 1652-1685."
A28808,A28808.xml,"Marcelia, or The Treacherous Friend","Boothby, Mrs. Frances","Boothby, F. (Frances), fl. 1670."
A62083,A62083.xml,"Tarugo's Wiles, or The Coffee-House","St Serfe, Thomas","St. Serfe, Thomas, Sir, fl. 1668."
A47372_10,A47372_10.xml,Claricilla,"Killigrew, Thomas","Killigrew, Thomas, 1612-1683."
A19182,A19182.xml,The Contention between Liberality and Prodigality,Anon.,
A20065,A20065.xml,2 The Honest Whore,"Dekker, Thomas","Dekker, Thomas, ca. 1572-1632."
A12969,A12969.xml,Gammer Gurton's Needle,"Stevenson, William","Stevenson, William, d. 1575,"
A58121,A58121.xml,"The Wrangling Lovers, or The Invisible Mistress","Ravenscroft, Edward","Ravenscroft, Edward, 1654?-1707."
A53060,A53060.xml,Plays,"Cavendish, Margaret","Newcastle, Margaret Cavendish, Duchess of, 1624?-1674."
A58109,A58109.xml,"The Canterbury Guests, or A Bargain Broken","Ravenscroft, Edward","Ravenscroft, Edward, 1654?-1707."
A12001,A12001.xml,"The tragedy of King Richard the third. Containing, his treacherous plots against his brother Clarence: the pittiefull murther of his iunocent [sic] ne",,"Shakespeare, William, 1564-1616."
A08065,A08065.xml,Nero,Anon.,
A58120,A58120.xml,"Scaramouch a Philosopher, Harlequin a School-boy, Bravo, Merchant, and Magician","Ravenscroft, Edward","Ravenscroft, Edward, 1654?-1707."
A01055,A01055.xml,The Lover's Melancholy,"Ford, John","Ford, John, 1586-ca. 1640."
A19829,A19829.xml,Hymen's Triumph,"Daniel, Samuel","Daniel, Samuel, 1562-1619."
A19183,A19183.xml,How a Man May Choose a Good Wife from a Bad,"Heywood, Thomas","Heywood, Thomas, d. 1641."
A40960,A40960.xml,Love and a Bottle,"Farquhar, George","Farquhar, George, 1677?-1707."
A47372_11,A47372_11.xml,The Prisoners,"Killigrew, Thomas","Killigrew, Thomas, 1612-1683."
A12954,A12954.xml,Cynthia's Revenge,"Stephens, John","Stephens, John, fl. 1613-1615."
A57763,A57763.xml,The Birth of Merlin,"Rowley, William","Rowley, William, 1585?-1642?"
A35680,A35680.xml,Rinaldo and Armida,"Dennis, John","Dennis, John, 1657-1734."
A53511,A53511.xml,"Don Carlos, Prince of Spain","Otway, Thomas","Otway, Thomas, 1652-1685."
A14869,A14869.xml,The Devil's Law Case,"Webster, John","Webster, John, 1580?-1625?"
A06289,A06289.xml,The Maid's Tragedy,"Beaumont, Francis;Fletcher, John","Beaumont, Francis, 1584-1616."
A27247,A27247.xml,"The Excommunicated Prince, or The False Relique","Bedloe, William (?) or Walter, Thomas (?)","Bedloe, William, 1650-1680."
A16924,A16924.xml,The Northern Lass,"Brome, Richard","Brome, Richard, d. 1652?"
A13848,A13848.xml,Tempe Restored,"Townshend, Aurelian","Townshend, Aurelian, fl. 1601-1643."
A33540,A33540.xml,Agnes de Castro,"Trotter, Catherine","Trotter, Catharine, 1679-1749."
A21144,A21144.xml,The Reign of King Edward the Third,Anon.,
A65060,A65060.xml,The Provoked Wife,"Vanbrugh, John","Vanbrugh, John, Sir, 1664-1726."
A35657,A35657.xml,The Sophy,"Denham, John","Denham, John, Sir, 1615-1669."
A53459,A53459.xml,Herod the Great,"Boyle, Roger","Orrery, Roger Boyle, Earl of, 1621-1679."
A06458,A06458.xml,The Woman Hater,"Beaumont, Francis;Fletcher, John","Beaumont, Francis, 1584-1616."
A30840,A30840.xml,"The Innocent Usurper, or The Death of the Lady Jane Grey","Banks, John","Banks, John, d. 1706."
A00968,A00968.xml,Thierry and Theodoret,"Beaumont, Francis;Fletcher, John;Massinger, Philip","Fletcher, John, 1579-1625."
A07975,A07975.xml,Microcosmus,"Nabbes, Thomas","Nabbes, Thomas, 1605?-1645?"
A12149,A12149.xml,The Arcadia,"Shirley, James","Shirley, James, 1596-1666."
A35284,A35284.xml,"Charles VIII of France, or The Invasion of Naples by the French","Crowne, John","Crown, Mr. (John), 1640?-1712."
A19975,A19975.xml,Humor Out of Breath,"Day, John","Day, John, 1574-1640?"
A29635,A29635.xml,The Damoiselle or The New Ordinary,"Brome, Richard","Brome, Richard, d. 1652?"
A68655,A68655.xml,"Messalina, the Roman Empress","Richards, Nathaniel","Richards, Nathanael, ca. 1600-1652."
A50799_02,A50799_02.xml,Women Beware Women,"Middleton, Thomas","Middleton, Thomas, d. 1627."
A59311,A59311.xml,"Fatal Love, or The Forced Inconstancy","Settle, Elkanah","Settle, Elkanah, 1648-1724."
A59463,A59463.xml,The Virtuoso,"Shadwell, Thomas","Shadwell, Thomas, 1642?-1692."
A07251,A07251.xml,The Fatal Dowry,"Field, Nathan;Massinger, Philip","Massinger, Philip, 1583-1640."
A06629,A06629.xml,The Woman in the Moon,"Lyly, John","Lyly, John, 1554?-1606."
A18403,A18403.xml,Bussy D'Ambois,"Chapman, George","Chapman, George, 1559?-1634."
A07245,A07245.xml,The Picture,"Massinger, Philip","Massinger, Philip, 1583-1640."
A04632_01,A04632_01.xml,Every Man in His Humour,"Jonson, Ben","Jonson, Ben, 1573?-1637."
A07906,A07906.xml,"Siderothriambos, or Steel and Iron Triumphing","Munday, Anthony","Munday, Anthony, 1553-1633."
A04599,A04599.xml,Britannia Triumphans,"Davenant, William","Jones, Inigo, 1573-1652."
A44624,A44624.xml,The Man of Newmarket,"Howard, Edward","Howard, Edward, fl. 1669."
A44630,A44630.xml,The Women's Conquest,"Howard, Edward","Howard, Edward, fl. 1669."
A03235,A03235.xml,"Love's Mistress, or The Queen's Masque","Heywood, Thomas","Heywood, Thomas, d. 1641."
A08360,A08360.xml,Gorboduc,"Norton, Thomas;Sackville, Thomas","Norton, Thomas, 1532-1584."
A11909_02,A11909_02.xml,Thyestes,"Seneca, Lucius Annaeus","Seneca, Lucius Annaeus, ca. 4 B.C.-65 A.D."
A11989,A11989.xml,"A midsommer nights dreame. As it hath beene sundry times publickely acted, by the Right honourable, the Lord Chamberlaine his seruants. Written by Wil",,"Shakespeare, William, 1564-1616."
A62967,A62967.xml,The Loyal General,"Tate, Nahum","Tate, Nahum, 1652-1715."
A13393,A13393.xml,The Fancies Theater,"Tatham, John","Tatham, John, fl. 1632-1664."
A03223_02,A03223_02.xml,2 The Iron Age,"Heywood, Thomas","Heywood, Thomas, d. 1641."
A07494,A07494.xml,Civitatis Amor,"Middleton, Thomas","Middleton, Thomas, d. 1627."
A59503,A59503.xml,Macbeth,"Davenant, William","D'Avenant, William, Sir, 1606-1668."
A27177_22,A27177_22.xml,The Pilgrim,"Fletcher, John","Beaumont, Francis, 1584-1616."
A04604,A04604.xml,Adrasta,"Jones, John","Jones, John, fl. 1635."
A06991,A06991.xml,The Jew of Malta,"Marlowe, Christopher","Marlowe, Christopher, 1564-1593."
A04638,A04638.xml,The Case Is Altered,"Jonson, Ben","Jonson, Ben, 1573?-1637."
A07330,A07330.xml,"Cleopatra, Queen of Egypt","May, Thomas","May, Thomas, 1595-1650."
A13345,A13345.xml,The Hog Hath Lost His Pearl,"Tailor, Robert","Tailor, Robert, fl. 1614."
A27177_23,A27177_23.xml,The Knight of Malta,"Field, Nathan;Fletcher, John;Massinger, Philip","Beaumont, Francis, 1584-1616."
A07495,A07495.xml,The Family of Love,"Middleton, Thomas","Middleton, Thomas, d. 1627."
A03195,A03195.xml,The English Traveller,"Heywood, Thomas","Heywood, Thomas, d. 1641."
A49922,A49922.xml,"Caesar Borgia, Son of Pope Alexander VI","Lee, Nathaniel","Lee, Nathaniel, 1653?-1692."
A18589,A18589.xml,Chester's Triumph,"Amerie, Robert;Davies, Richard","Davies, Richard, fl. 1610."
A19812_03,A19812_03.xml,Philotas,"Daniel, Samuel","Daniel, Samuel, 1562-1619."
A11988,A11988.xml,"The merry vviues of Windsor. With the humours of Sir Iohn Falstaffe, as also the swaggering vaine of ancient Pistoll, and Corporall Nym. Wri",,"Shakespeare, William, 1564-1616."
A77565_04,A77565_04.xml,"The City Wit, or The Woman Wears the Breeches","Brome, Richard","Brome, Richard, d. 1652?"
A09651,A09651.xml,Horestes,"Pikering, John","Pikering, John, fl. 1567."
A06589,A06589.xml,Endymion,"Lyly, John","Lyly, John, 1554?-1605."
A21136,A21136.xml,The Merry Devil of Edmonton,Anon.,"Shakespeare, William, 1564-1616,"
A29556,A29556.xml,"Elvira, or The Worst Not Always True","Digby, George","Bristol, George Digby, Earl of, 1612-1677."
A11909_03,A11909_03.xml,Thebais,"Seneca, Lucius Annaeus","Seneca, Lucius Annaeus, ca. 4 B.C.-65 A.D."
A03234,A03234.xml,London's Ius Honorarium,"Heywood, Thomas","Heywood, Thomas, d. 1641."
A77567_01,A77567_01.xml,"The English Moor, or The Mock Marriage","Brome, Richard","Brome, Richard, d. 1652?"
A06402,A06402.xml,The Phoenix in Her Flames,"Lower, Sir William","Lower, William, Sir, 1600?-1662."
A03208,A03208.xml,1 If You Know Not Me You Know Nobody,"Heywood, Thomas","Heywood, Thomas, d. 1641."
A73704,A73704.xml,Coelum Britannicum,"Carew, Thomas","Carew, Thomas, 1595?-1639?"
A07907,A07907.xml,The Triumphs of Reunited Britannia,"Munday, Anthony","Munday, Anthony, 1553-1633."
A04632_00,A04632_00.xml,The Works,"Jonson, Ben","Jonson, Ben, 1573?-1637."
A18402,A18402.xml,The Blind Beggar of Alexandria,"Chapman, George","Chapman, George, 1559?-1634."
A68683,A68683.xml,The Honest Lawyer,"S., S.","S. S., fl. 1616."
A27180,A27180.xml,"Bonduca, or The British Heroine",Anon.,"Fletcher, John, 1579-1625."
A18416,A18416.xml,The Masque of the Middle Temple and Lincoln's Inn,"Chapman, George","Chapman, George, 1559?-1634."
A59304,A59304.xml,The Conquest of China by the Tartars,"Settle, Elkanah","Settle, Elkanah, 1648-1724."
A46230,A46230.xml,The Widow,"Middleton, Thomas","Middleton, Thomas, d. 1627."
A04942,A04942.xml,The Spanish Tragedy,"Kyd, Thomas","Kyd, Thomas, 1558-1594."
A67201,A67201.xml,"Love in a Wood, or St James's Park","Wycherley, William","Wycherley, William, 1640-1716."
A29620,A29620.xml,The Cunning Lovers,"Brome, Alexander","Brome, Alexander, 1620-1666."
A15873,A15873.xml,The Sophister,"Zouche, Richard","Zouch, Richard, 1590-1661."
A29152,A29152.xml,"The Rape, or The Innocent Impostors","Brady, Nicholas","Brady, Nicholas, 1659-1726."
A29634,A29634.xml,The Court Beggar,"Brome, Richard","Brome, Richard, d. 1652?"
A62347,A62347.xml,"Romulus and Hersilia, or The Sabine War",Anon.,"Behn, Aphra, 1640-1689."
A29636,A29636.xml,"The Debauchee, or The Credulous Cuckold","Behn, Aphra (?)","Behn, Aphra, 1640-1689."
A40870,A40870.xml,"Love in the Dark, or The Man of Business","Fane, Francis","Fane, Francis, Sir, d. 1689?"
A59460,A59460.xml,A True Widow,"Shadwell, Thomas","Shadwell, Thomas, 1642?-1692."
A59312,A59312.xml,"The Female Prelate, Being the History of the Life and Death of Pope Joan","Settle, Elkanah","Settle, Elkanah, 1648-1724."
A50799_01,A50799_01.xml,More Dissemblers Besides Women,"Middleton, Thomas","Middleton, Thomas, d. 1627."
A07246,A07246.xml,"The Renegado, or The Gentleman of Venice","Massinger, Philip","Massinger, Philip, 1583-1640."
A18400,A18400.xml,All Fools,"Chapman, George","Chapman, George, 1559?-1634."
A42281,A42281.xml,Il Pastor Fido,"Guarini, Battista","Guarini, Battista, 1538-1612."
A04632_02,A04632_02.xml,Every Man out of his Humor,"Jonson, Ben","Jonson, Ben, 1573?-1637."
A36266,A36266.xml,The Country Wake,"Doggett, Thomas","Dogget, Thomas, d. 1721."
A68468,A68468.xml,Your Five Gallants,"Middleton, Thomas","Middleton, Thomas, d. 1627."
A41993,A41993.xml,Mucedorus (and Amadine),anon.,"Greene, Robert, 1558?-1592."
A77567_03,A77567_03.xml,"The Weeding of the Covent Garden, or The Middlesex Justice of Peace","Brome, Richard","Brome, Richard, d. 1652?"
A44633,A44633.xml,The English Monsieur,"Howard, James","Howard, James, fl. 1672-1674."
A01353,A01353.xml,Like Will to Like,"Fulwel, Ulpian","Fulwell, Ulpian, fl. 1586."
A60961,A60961.xml,"The Loyal Brother, or The Persian Prince","Southerne, Thomas","Southerne, Thomas, 1660-1746."
A37187,A37187.xml,1 & 2 The Siege of Rhodes,"Davenant, William","D'Avenant, William, Sir, 1606-1668."
A02128,A02128.xml,Friar Bacon and Friar Bongay,"Greene, Robert","Greene, Robert, 1558?-1592."
A11975,A11975.xml,"The cronicle history of Henry the fift, with his battell fought at Agin Court in France. Togither with Auntient Pistoll. As it hath bene sundry times",,"Shakespeare, William, 1564-1616."
A31469,A31469.xml,"The Perjured Husband, or The Adventures of Venice","Centlivre, Susannah","Centlivre, Susanna, 1667?-1723."
A11909_01,A11909_01.xml,Hercules Furens,"Seneca, Lucius Annaeus","Seneca, Lucius Annaeus, ca. 4 B.C.-65 A.D."
A27551,A27551.xml,"The Revenge, or A Match in Newgate","Behn, Aphra (?)","Betterton, Thomas, 1635?-1710."
A62964,A62964.xml,The Island Princess,"Tate, Nahum","Tate, Nahum, 1652-1715."
A30788,A30788.xml,"Edward III, with the Fall of Mortimer","Mountfort, William (?) (producer?)","Bancroft, John, d. 1696."
A03424,A03424.xml,"Band, Cuff, and Ruff, or Exchange Ware at the Second Hand",Anon.,
A54959,A54959.xml,The Innocent Mistress,"Pix, Mary","Pix, Mary, 1666-1720."
A71267,A71267.xml,"Wit for Money, or Poet Stutter",Anon.,"Brown, Thomas, 1663-1704."
A03197,A03197.xml,The Fair Maid of the Exchange,"Heywood, Thomas","Heywood, Thomas, d. 1641,"
A03223_01,A03223_01.xml,1 The Iron Age,"Heywood, Thomas","Heywood, Thomas, d. 1641."
A27177_21,A27177_21.xml,The Double Marriage,"Fletcher, John;Massinger, Philip","Beaumont, Francis, 1584-1616."
A02262,A02262.xml,Christ's Passion,"Grotius, Hugo","Grotius, Hugo, 1583-1645."
A27177_35,A27177_35.xml,"Four Plays, or Moral Representations, in One","Fletcher, John;Field, Nathan","Beaumont, Francis, 1584-1616."
A07332,A07332.xml,"Julia Agrippina, Empress of Rome","May, Thomas","May, Thomas, 1595-1650."
A07326,A07326.xml,The Heir,"May, Thomas","May, Thomas, 1595-1650."
A27177_09,A27177_09.xml,The False One,"Fletcher, John;Massinger, Philip","Beaumont, Francis, 1584-1616."
A27177_08,A27177_08.xml,The Coxcomb,"Beaumont, Francis;Fletcher, John","Beaumont, Francis, 1584-1616."
A41366,A41366.xml,The Careless Shepherdess,"Goffe, Thomas","Goffe, Thomas, 1591-1629."
A55475,A55475.xml,Herod and Mariamne,"Pordage, Samuel","Pordage, Samuel, 1633-1691?"
A59501,A59501.xml,"Henry IV, with the Humours of Sir John Falstaff","Betterton, Thomas (producer)","Betterton, Thomas, 1635?-1710."
A27177_20,A27177_20.xml,The Sea Voyage,"Fletcher, John;Massinger, Philip","Beaumont, Francis, 1584-1616."
A49935,A49935.xml,"The Rival Queens, or The Death of Alexander the Great","Lee, Nathaniel","Lee, Nathaniel, 1653?-1692."
A54958,A54958.xml,"Ibrahim, the Thirteenth Emperor of the Turks","Pix, Mary","Pix, Mary, 1666-1720."
A19812_00,A19812_00.xml,Certaine small poems lately printed with the tragedie of Philotas,"Daniel, Samuel","Daniel, Samuel, 1562-1619."
A30789,A30789.xml,Sentorius,"Bancroft, John","Bancroft, John, d. 1696."
A06207,A06207.xml,A King and No King,"Beaumont, Francis;Fletcher, John","Beaumont, Francis, 1584-1616."
A09134,A09134.xml,Fedele and Fortunia,"Pasqualigo, Luigi","Pasqualigo, Luigi."
A37025,A37025.xml,"Trick for Trick, or The Debauched Hypocrite","D'Urfey, Thomas","D'Urfey, Thomas, 1653-1723."
A11909_00,A11909_00.xml,Preface to Seneca's Ten Tragedies,"Newton, Thomas","Seneca, Lucius Annaeus, ca. 4 B.C.-65 A.D."
A11974,A11974.xml,"The second part of Henrie the fourth, continuing to his death, and coronation of Henrie the fift. VVith the humours of sir Iohn Falstaffe, and swagger",,"Shakespeare, William, 1564-1616."
A11155,A11155.xml,All's Lost by Lust,"Rowley, William","Rowley, William, 1585?-1642?"
A44632,A44632.xml,"All Mistaken, or The Mad Couple","Howard, James","Howard, James, fl. 1672-1674."
A77567_02,A77567_02.xml,"The Lovesick Court, or The Ambitious Politic","Brome, Richard","Brome, Richard, d. 1652?"
A07904,A07904.xml,Metropolis Coronata,"Munday, Anthony","Munday, Anthony, 1553-1633."
A04632_03,A04632_03.xml,Cynthia's Revels,"Jonson, Ben","Jonson, Ben, 1573?-1637."
A18415,A18415.xml,May Day,"Chapman, George","Chapman, George, 1559?-1634."
A07247,A07247.xml,The Roman Actor,"Massinger, Philip","Massinger, Philip, 1583-1640."
A27197,A27197.xml,"The Prophetess, or The History of Diocletian","Betterton, Thomas","Betterton, Thomas, 1635?-1710."
A59307,A59307.xml,The Empress of Morocco,"Settle, Elkanah","Settle, Elkanah, 1648-1724."
A67202,A67202.xml,The Plain Dealer,"Wycherley, William","Wycherley, William, 1640-1716."
A04941,A04941.xml,"1 Jeronimo, with the Wars of Portugal",Anon.,"Kyd, Thomas, 1558-1594."
A29637,A29637.xml,"A Jovial Crew, or The Merry Beggars","Brome, Richard","Brome, Richard, d. 1652?"
A36717,A36717.xml,The Husband His Own Cuckold,"Dryden, John, Jr","Dryden, John, 1631-1700."
A54800,A54800.xml,The Revengeful Queen,"Phillips, William","Philips, William, d. 1734."
A40875,A40875.xml,The Sacrifice,"Fane, Francis","Fane, Francis, Sir, d. 1689?"
A07525,A07525.xml,The World Tossed at Tennis,"Middleton, Thomas;Rowley, William","Middleton, Thomas, d. 1627."
A12128,A12128.xml,The Bird in a Cage,"Shirley, James","Shirley, James, 1596-1666."
A11435,A11435.xml,"The Vow Breaker, or The Fair Maid of Clifton","Sampson, William","Sampson, William, 1590?-1636."
A55539,A55539.xml,"Alphonso, King of Naples","Powell, George","Powell, George, 1658?-1714."
A03019,A03019.xml,London's Love to Prince Henry,"Munday, Anthony","Munday, Anthony, 1553-1633."
A04632_07,A04632_07.xml,Epicoene or The Silent Woman,"Jonson, Ben","Jonson, Ben, 1573?-1637."
A04632_13,A04632_13.xml,The Entertainment of the Queen and Prince at Althorp (The Satyr),"Jonson, Ben","Jonson, Ben, 1573?-1637."
A34306,A34306.xml,The Mourning Bride,"Congreve, William","Congreve, William, 1670-1729."
A11145,A11145.xml,The Noble Spanish Soldier,"Dekker, Thomas","Rowley, Samuel, d. 1633?"
A60964,A60964.xml,"The Maid's Last Prayer, or Any Rather Than Fail","Southerne, Thomas","Southerne, Thomas, 1660-1746."
A11151,A11151.xml,A Match at Midnight,"Rowley, William","Rowley, William, 1585?-1642?"
A39805,A39805.xml,"The Island Princess, or The Generous Portugal",Anon.,"Fletcher, John, 1579-1625."
A03233,A03233.xml,"Londini Status Pacatus, or London's Peaceable Estate","Heywood, Thomas","Heywood, Thomas, d. 1641."
A04206,A04206.xml,Jacob and Esau,"Udall, Nicholas (?)",
A11909_10,A11909_10.xml,Hercules Oetaeus,"Seneca, Lucius Annaeus","Seneca, Lucius Annaeus, ca. 4 B.C.-65 A.D."
A11909_04,A11909_04.xml,Hippolytus,"Seneca, Lucius Annaeus","Seneca, Lucius Annaeus, ca. 4 B.C.-65 A.D."
A34299,A34299.xml,The Double Dealer,"Congreve, William","Congreve, William, 1670-1729."
A19479,A19479.xml,Love's Riddle,"Cowley, Abraham","Cowley, Abraham, 1618-1667."
A15519,A15519.xml,The Three Ladies of London,"Wilson, Robert","Wilson, Robert, d. 1600."
A07492,A07492.xml,"Blurt, Master Constable","Dekker, Thomas","Dekker, Thomas, ca. 1572-1632."
A59288,A59288.xml,"The Ambitious Slave, or A Generous Revenge","Settle, Elkanah","Settle, Elkanah, 1648-1724."
A49925,A49925.xml,"Gloriana, or The Court of Augustus Caesar","Lee, Nathaniel","Lee, Nathaniel, 1653?-1692."
A68727,A68727.xml,"The most excellent historie of the merchant of Venice. VVith the extreame crueltie of Shylocke the Iewe towards the sayd merchant, in cutting a iust p",,"Shakespeare, William, 1564-1616."
A54960,A54960.xml,The Spanish Wives,"Pix, Mary","Pix, Mary, 1666-1720."
A03804,A03804.xml,The Misfortunes of Arthur,"Hughes, Thomas","Hughes, Thomas, fl. 1587."
A17871,A17871.xml,The Masque at Lord Hay's Marriage,"Campion, Thomas","Campion, Thomas, 1567-1620."
A27177_18,A27177_18.xml,The Prophetess,"Fletcher, John; Massinger, Philip","Beaumont, Francis, 1584-1616."
A58141,A58141.xml,"Tom Essence, or The Modish Wife","Rawlins,-","Rawlins, Thomas, 1620?-1670."
A27177_24,A27177_24.xml,"The Woman's Prize, or The Tamer Tamed","Fletcher, John","Beaumont, Francis, 1584-1616."
A12074,A12074.xml,Cupid's Whirligig,"Sharpham, Edward","Sharpham, Edward, 1576-1608."
A27177_30,A27177_30.xml,Wit at Several Weapons,"Middleton, Thomas;Rowley, William","Beaumont, Francis, 1584-1616."
A38689,A38689.xml,"The Comical Revenge, or Love in a Tub","Etherege, George","Etherege, George, Sir, 1635?-1691."
A27177_31,A27177_31.xml,Valentinian,"Fletcher, John","Beaumont, Francis, 1584-1616."
A29785,A29785.xml,"Physic Lies a-Bleeding, or The Apothecary Turned Doctor","Browne, Thomas","Brown, Thomas, 1663-1704."
A27177_25,A27177_25.xml,"Love's Cure, or The Martial Maid","Beaumont, Francis;Fletcher, John;Massinger, Philip","Beaumont, Francis, 1584-1616."
A06982,A06982.xml,Herod and Antipater,"Markham, Gervase;Sampson, William","Markham, Gervase, 1568?-1637."
A27177_19,A27177_19.xml,Bonduca,"Fletcher, John","Beaumont, Francis, 1584-1616."
A20951,A20951.xml,Arden of Faversham,Anon.,"Shakespeare, William, 1564-1616,"
A62223,A62223.xml,Tamerlane the Great,"Saunders, Charles","Saunders, C. (Charles), fl. 1681."
A68726,A68726.xml,"A pleasant conceited comedie called, Loues labors lost. As it vvas presented before her Highnes this last Christmas. Newly corrected and augmented by",,"Shakespeare, William, 1564-1616."
A49930,A49930.xml,"Mithridates, King of Pontus","Lee, Nathaniel","Lee, Nathaniel, 1653?-1692."
A07493,A07493.xml,A Chaste Maid in Cheapside,"Middleton, Thomas","Middleton, Thomas, d. 1627."
A04824,A04824.xml,The Conspiracy,"Killigrew, Henry","Killigrew, Henry, 1613-1700."
A49924,A49924.xml,Constantine the Great,"Lee, Nathaniel","Lee, Nathaniel, 1653?-1692."
A02070,A02070.xml,"George a Green, the Pinner of Wakefield","Greene, Robert","Greene, Robert, 1558?-1592,"
A77565_02,A77565_02.xml,The Novella,"Brome, Richard","Brome, Richard, d. 1652?"
A93033,A93033.xml,"The rape of Lucrece,:  committed by Tarquin the sixt; and the remarkable judgments that befel him for it. / By the incomparable master of our English",,"Shakespeare, William, 1564-1616."
A11909_05,A11909_05.xml,Oedipus,"Seneca, Lucius Annaeus","Seneca, Lucius Annaeus, ca. 4 B.C.-65 A.D."
A11959,A11959.xml,The tragicall historie of Hamlet Prince of Denmarke by William Shake-speare. As it hath beene diuerse times acted by his Highnesse seruants in the cit,,"Shakespeare, William, 1564-1616."
A60959,A60959.xml,"The Fatal Marriage, or The Innocent Adultery","Southerne, Thomas","Southerne, Thomas, 1660-1746."
A60971,A60971.xml,"The Wives' Excuse, or Cuckolds Make Themselves","Southerne, Thomas","Southerne, Thomas, 1660-1746."
A01425,A01425.xml,"Wine, Beer, and Ale Together by the Ears",Anon.,Gallobelgicus.
A60965,A60965.xml,Oroonoko,"Southerne, Thomas","Southerne, Thomas, 1660-1746."
A48031,A48031.xml,"The Dumb Lady, or The Farrier Made Physician","Lacy, John","Lacy, John, d. 1681."
A57850,A57850.xml,Ignoramus,"Ruggle, George","Ruggle, George, 1575-1622."
A04632_06,A04632_06.xml,Volpone,"Jonson, Ben","Jonson, Ben, 1573?-1637."
A06389,A06389.xml,The Scornful Lady,"Beaumont, Francis;Fletcher, John","Beaumont, Francis, 1584-1616."
A07083,A07083.xml,"The Wonder of Women, or Sophonisba","Marston, John","Marston, John, 1575?-1634."
A39384,A39384.xml,Emilia,Anon.,"Aureli, Aurelio, d. 1708. Costanza di Rosamonda."
A50093_01,A50093_01.xml,The Bashful Lover,"Massinger, Philip","Massinger, Philip, 1583-1640."
A07518,A07518.xml,The Triumphs of Truth; The Entertainment on Michaelmas Day 1613,"Middleton, Thomas","Middleton, Thomas, d. 1627."
A70960,A70960.xml,"The Anatomist, or The Sham Doctor","Ravenscroft, Edward","Ravenscroft, Edward, 1654?-1707."
A07524,A07524.xml,"The Roaring Girl, or Moll Cutpurse","Dekker, Thomas;Middleton, Thomas","Middleton, Thomas, d. 1627."
A12129,A12129.xml,"Changes, or Love in a Maze","Shirley, James","Shirley, James, 1596-1666."
A54801,A54801.xml,"St Stephen's Green, or The Generous Lovers","Phillips, William","Philips, William, d. 1734."
A14599,A14599.xml,The Valiant Scot,"W., J.","I. W., Gent."
A36704,A36704.xml,"Troilus and Cressida, or Truth Found Too Late","Dryden, John","Dryden, John, 1631-1700."
A64724,A64724.xml,The Unnatural Mother,Anon. ('Ariadne'?),Young lady.
A18374,A18374.xml,The Swaggering Damsel,"Chamberlain, Robert","Chamberlain, Robert, b. 1607."
A07240,A07240.xml,The Maid of Honour,"Massinger, Philip","Massinger, Philip, 1583-1640."
A59314,A59314.xml,"Glory's Resurrection, Being the Triumphs of London Revived","Settle, Elkanah","Settle, Elkanah, 1648-1724."
A50093_03,A50093_03.xml,A Very Woman,"Fletcher, John;Massinger, Philip","Massinger, Philip, 1583-1640."
A59466,A59466.xml,The Woman Captain,"Shadwell, Thomas","Shadwell, Thomas, 1642?-1692."
A61310,A61310.xml,The Stepmother,"Stapylton, Robert","Stapylton, Robert, Sir, d. 1669."
A07081,A07081.xml,What You Will,"Marston, John","Marston, John, 1575?-1634."
A04632_04,A04632_04.xml,Poetaster,"Jonson, Ben","Jonson, Ben, 1573?-1637."
A07903,A07903.xml,Himatia-Poleos,"Munday, Anthony","Munday, Anthony, 1553-1633."
A03230,A03230.xml,"Londini Speculum, or London's Mirror","Heywood, Thomas","Heywood, Thomas, d. 1641."
A11152,A11152.xml,A Shoemaker a Gentleman,"Rowley, William","Rowley, William, 1585?-1642?"
A11146,A11146.xml,When You See Me You Know Me,"Rowley, Samuel","Rowley, Samuel, d. 1633."
A39812,A39812.xml,Valentinian,Anon.,"Fletcher, John, 1579-1625."
A03224,A03224.xml,1 Edward the Fourth,"Heywood, Thomas","Heywood, Thomas, d. 1641."
A77567_05,A77567_05.xml,The Queen and Concubine,"Brome, Richard","Brome, Richard, d. 1652?"
A11909_07,A11909_07.xml,Medea,"Seneca, Lucius Annaeus","Seneca, Lucius Annaeus, ca. 4 B.C.-65 A.D."
A13802,A13802.xml,Albumazar,"Tomkis, Thomas","Tomkis, Thomas, fl. 1604-1615."
A50091,A50091.xml,"The Old Law, or A New Way to Please You","Middleton, Thomas;Rowley, William;Heywood, Thomas","Massinger, Philip, 1583-1640."
A19877,A19877.xml,The Just Italian,"Davenant, Sir William","D'Avenant, William, Sir, 1606-1668."
A17872,A17872.xml,The Masque at the Earl of Somerset's Marriage,"Campion, Thomas","Campion, Thomas, 1567-1620."
A58142,A58142.xml,"Tunbridge Wells, or A Day's Courtship","Rawlins,- (?)","Rawlins, Thomas, 1620?-1670."
A01989,A01989.xml,The Strange Discovery,"Gough, John","J.G. (John Gough), fl. 1640."
A45649,A45649.xml,"The City Bride, or The Merry Cuckold","Harris, Joseph","Harris, Joseph, ca. 1650-ca. 1715."
A27177_33,A27177_33.xml,Love's Pilgrimage,"Beaumont, Francis;Fletcher, John","Beaumont, Francis, 1584-1616."
A01779,A01779.xml,Wit in a Constable,"Glapthorne, Henry","Glapthorne, Henry."
A27177_27,A27177_27.xml,The Queen of Corinth,"Field, Nathan;Fletcher, John;Massinger, Philip","Beaumont, Francis, 1584-1616."
A19888,A19888.xml,A New Trick to Cheat the Devil,"Davenport, Robert","Davenport, Robert, fl. 1623."
A04600,A04600.xml,The Temple of Love,"Davenant, William","Jones, Inigo, 1573-1652."
A27177_26,A27177_26.xml,The Honest Man's Fortune,"Field, Nathan;Massinger, Philip;Fletcher, John","Beaumont, Francis, 1584-1616."
A27177_32,A27177_32.xml,The Fair Maid of the Inn,"Fletcher, John;Ford, John;Massinger, Philip;Webster, John (?)","Beaumont, Francis, 1584-1616."
A03190,A03190.xml,A Challenge for Beauty,"Heywood, Thomas","Heywood, Thomas, d. 1641."
A19876,A19876.xml,The Cruel Brother,"Davenant, Sir William","D'Avenant, William, Sir, 1606-1668."
A49933,A49933.xml,The Princess of Cleve,"Lee, Nathaniel","Lee, Nathaniel, 1653?-1692."
A67199,A67199.xml,The Gentleman Dancing-Master,"Wycherley, William","Wycherley, William, 1640-1716."
A77565_01,A77565_01.xml,A Mad Couple Well Matched,"Brome, Richard","Brome, Richard, d. 1652?"
A50090,A50090.xml,The City Madam,"Massinger, Philip","Massinger, Philip, 1583-1640."
A11909_06,A11909_06.xml,Troas,"Seneca, Lucius Annaeus","Seneca, Lucius Annaeus, ca. 4 B.C.-65 A.D."
A11966,A11966.xml,"The history of Henrie the Fourth; vvith the battell at Shrewsburie, betweene the King and Lord Henry Percy, surnamed Henrie Hotspur of the north. With",,"Shakespeare, William, 1564-1616."
A37023,A37023.xml,"Squire Oldsapp, or The Night Adventurers","D'Urfey, Thomas","D'Urfey, Thomas, 1653-1723."
A77567_04,A77567_04.xml,"The New Academy, or The New Exchange","Brome, Richard","Brome, Richard, d. 1652?"
A93178,A93178.xml,The Sisters,"Shirley, James","Shirley, James, 1596-1666."
A11153,A11153.xml,"A New Wonder, A Woman Never Vexed","Rowley, William","Rowley, William, 1585?-1642?"
A04632_05,A04632_05.xml,Sejanus His Fall,"Jonson, Ben","Jonson, Ben, 1573?-1637."
A36513,A36513.xml,"The Sham Lawyer, or The Lucky Extravagant","Drake, James","Drake, James, 1667-1707."
A61311,A61311.xml,Hero and Leander,"Stapylton, Robert","Stapylton, Robert, Sir, d. 1669."
A34338,A34338.xml,"The Fortune Hunters, or Two Fools Well Met","Carlisle, James","Carlile, James, d. 1691."
A50093_02,A50093_02.xml,The Guardian,"Massinger, Philip","Massinger, Philip, 1583-1640."
A59315,A59315.xml,"The Heir of Morocco, with the Death of Gayland","Settle, Elkanah","Settle, Elkanah, 1648-1724."
A06177,A06177.xml,Cupid's Revenge,"Beaumont, Francis;Fletcher, John","Beaumont, Francis, 1584-1616."
A07241,A07241.xml,A New Way to Pay Old Debts,"Massinger, Philip","Massinger, Philip, 1583-1640."
A18407,A18407.xml,Eastward Ho,"Chapman, George;Jonson, Ben;Marston, John","Chapman, George, 1559?-1634."
A18413,A18413.xml,The Gentleman Usher,"Chapman, George","Chapman, George, 1559?-1634."
A36708,A36708.xml,"Tyrannic Love, or The Royal Martyr","Dryden, John","Dryden, John, 1631-1700."
A10730,A10730.xml,The True Tragedy of Richard the Third,Anon.,
A59456,A59456.xml,"The Sullen Lovers, or The Impertinents","Shadwell, Thomas","Shadwell, Thomas, 1642?-1692."
A12127,A12127.xml,The Martyred Soldier,"Shirley, Henry","Shirley, Henry, d. 1627."
A59324,A59324.xml,Love and Revenge,"Settle, Elkanah","Settle, Elkanah, 1648-1724."
A06620,A06620.xml,Love's Metamorphosis,"Lyly, John","Lyly, John, 1554?-1606."
A07516,A07516.xml,The Triumphs of Integrity,"Middleton, Thomas","Middleton, Thomas, d. 1627."
A07502,A07502.xml,Honorable Entertainments,"Middleton, Thomas","Middleton, Thomas, d. 1627."
A04632_08,A04632_08.xml,The Alchemist,"Jonson, Ben","Jonson, Ben, 1573?-1637."
A03228,A03228.xml,"Londini Artium et Scientiarum Scaturigo, or London's Fountain of Arts and Sciences","Heywood, Thomas","Heywood, Thomas, d. 1641."
A29238,A29238.xml,"Mercurius Britannicus, or The English Intelligencer","Brathwait, Richard","Brathwait, Richard, 1588?-1673."
A11994,A11994.xml,The tragedie of King Richard the second. As it hath beene publikely acted by the right Honourable the Lorde Chamberlaine his Seruants.,,"Shakespeare, William, 1564-1616."
A43744,A43744.xml,"The Wary Widow, or Sir Noisy Parrot","Higden, Henry","Higden, Henry."
A15516,A15516.xml,The Pedlar's Prophecy,Anon.,"Wilson, Robert, d. 1600."
A62946,A62946.xml,"The Ingratitude of a Commonwealth, or The Fall of Caius Martius Coriolanus","Tate, Nahum","Tate, Nahum, 1652-1715."
A21328,A21328.xml,Fair Em,Anon.,"Wilson, Robert, d. 1600,"
A03189,A03189.xml,The Brazen Age,"Heywood, Thomas","Heywood, Thomas, d. 1641."
A31675,A31675.xml,"Alphonsus, Emperor of Germany",Anon.,"Chapman, George, 1559?-1634."
A53070_01,A53070_01.xml,The Country Captain,"Cavendish, William;Shirley, James","Newcastle, William Cavendish, Duke of, 1592-1676."
A27177_17,A27177_17.xml,The Maid in the Mill,"Fletcher, John;Rowley, William","Beaumont, Francis, 1584-1616."
A52477,A52477.xml,"Pausanious, the Betrayer of His Country","Norton, [Richard?]","Norton, Richard, 1666-1732."
A27177_03,A27177_03.xml,The Little French Lawyer,"Fletcher, John;Massinger, Philip","Beaumont, Francis, 1584-1616."
A01775,A01775.xml,The Ladies' Privilege,"Glapthorne, Henry","Glapthorne, Henry."
A45651,A45651.xml,"The Mistakes, or The False Report","Harris, Joseph","Harris, Joseph, ca. 1650-ca. 1715."
A27177_02,A27177_02.xml,The Spanish Curate,"Fletcher, John;Massinger, Philip","Beaumont, Francis, 1584-1616."
A13358,A13358.xml,The Taming of a Shrew,Anon.,
A27177_16,A27177_16.xml,"The Nice Valor, or The Passionate Madman","Middleton, Thomas;Fletcher, John","Beaumont, Francis, 1584-1616."
A00456,A00456.xml,Appius and Virginia,"Bower, Richard",R. B.
A36641,A36641.xml,"Love Triumphant, or Nature Will Prevail","Dryden, John","Dryden, John, 1631-1700."
A15517,A15517.xml,The Three Lords and Three Ladies of London,"Wilson, Robert","Wilson, Robert, d. 1600."
A59053,A59053.xml,"Bellamira, or The Mistress","Sedley, Charles","Sedley, Charles, Sir, 1639?-1701."
A11981,A11981.xml,"The excellent history of the merchant of Venice. VVith the extreme cruelty of Shylocke the Iew towards the saide merchant, in cutting a iust pound of",,"Shakespeare, William, 1564-1616."
A37013,A37013.xml,The Royalist,"D'Urfey, Thomas","D'Urfey, Thomas, 1653-1723."
A09857,A09857.xml,The Two Angry Women of Abingdon,"Porter, Henry","Porter, Henry, fl. 1599."
A34526,A34526.xml,The Pragmatical Jesuit New Leavened,"Carpenter, Richard","Carpenter, Richard, d. 1670?"
A07067,A07067.xml,The Insatiate Countess,"Machin, Lewis;Barkstead, William;Marston, John","Marston, John, 1575?-1634."
A68488,A68488.xml,"Chrysanaleia: The Golden Fishing, or Honor of Fishmongers","Munday, Anthony","Munday, Anthony, 1553-1633."
A03229,A03229.xml,"Londini Emporia, or London's Mercatura","Heywood, Thomas","Heywood, Thomas, d. 1641."
A04632_09,A04632_09.xml,Catiline His Conspiracy,"Jonson, Ben","Jonson, Ben, 1573?-1637."
A61309,A61309.xml,The Slighted Maid,"Stapylton, Robert","Stapylton, Robert, Sir, d. 1669."
A18423,A18423.xml,Two Wise Men and All the Rest Fools,"Chapman, George","Chapman, George, 1559?-1634."
A07503,A07503.xml,"The Inner-Temple Masque, or The Masque of Heroes","Middleton, Thomas","Middleton, Thomas, d. 1627."
A07517,A07517.xml,The Triumphs of Love and Antiquity,"Middleton, Thomas","Middleton, Thomas, d. 1627."
A06621,A06621.xml,Midas,"Lyly, John","Lyly, John, 1554?-1606."
A59443,A59443.xml,Psyche,"Shadwell, Thomas","Shadwell, Thomas, 1642?-1692."
A49877,A49877.xml,"The Rambling Justice, or The Jealous Husbands","Leanerd, John","Leanerd, John, fl. 1679."
A06184,A06184.xml,"The Wounds of Civil War, or Marius and Scilla","Lodge, Thomas","Lodge, Thomas, 1558?-1625."
A49875,A49875.xml,The Counterfeits,Anon.,"Leanerd, John, fl. 1679."
A12130,A12130.xml,The Constant Maid,"Shirley, James","Shirley, James, 1596-1666."
A18421,A18421.xml,The Revenge of Bussy D'Ambois,"Chapman, George","Chapman, George, 1559?-1634."
A07515,A07515.xml,The Triumphs of Honor and Virtue,"Middleton, Thomas","Middleton, Thomas, d. 1627."
A57849,A57849.xml,The English Lawyer,"Ravenscroft, Edward","Ravenscroft, Edward, 1654?-1707."
A30839,A30839.xml,The Destruction of Troy,"Banks, John","Banks, John, d. 1706."
A07065,A07065.xml,The Dutch Courtesan,"Marston, John","Marston, John, 1575?-1634."
A07071,A07071.xml,The Malcontent,"Marston, John","Marston, John, 1575?-1634."
A03217,A03217.xml,2 If You Know Not Me You Know Nobody,"Heywood, Thomas","Heywood, Thomas, d. 1641."
A11954,A11954.xml,"Mr. VVilliam Shakespeares comedies, histories, & tragedies. Published according to the true originall copies.",,"Shakespeare, William, 1564-1616."
A37011,A37011.xml,"The Richmond Heiress, or A Woman Once in the Right","D'Urfey, Thomas","D'Urfey, Thomas, 1653-1723."
A11909_08,A11909_08.xml,Agamemnon,"Seneca, Lucius Annaeus","Seneca, Lucius Annaeus, ca. 4 B.C.-65 A.D."
A59051,A59051.xml,Antony and Cleopatra,"Sedley, Charles","Sedley, Charles, Sir, 1639?-1701."
A30781,A30781.xml,"Henry II, King of England, with the Death of Rosamond",Anon.,"Bancroft, John, d. 1696."
A11983,A11983.xml,"A most pleasaunt and excellent conceited comedie, of Syr Iohn Falstaffe, and the merrie wiues of Windsor. Entermixed with sundrie variable and pleasin",,"Shakespeare, William, 1564-1616."
A39799,A39799.xml,The Chances,"Villiers, George","Fletcher, John, 1579-1625."
A15515,A15515.xml,The Cobbler's Prophecy,"Wilson, Robert","Wilson, Robert, d. 1600."
A03405,A03405.xml,"Histriomastix, or The Player Whipped","Marston, John","Marston, John, 1575?-1634."
A36657,A36657.xml,Oedipus,"Dryden, John","Dryden, John, 1631-1700."
A49929,A49929.xml,The Massacre of Paris,"Lee, Nathaniel","Lee, Nathaniel, 1653?-1692."
A18596,A18596.xml,"Hoffman, or A Revenge for a Father","Chettle, Henry","Chettle, Henry, d. 1607?"
A55496,A55496.xml,"A Witty Combat, or The Female Victor","P., T.","Porter, T. (Thomas), 1636-1680."
A55482,A55482.xml,The Siege of Babylon,"Pordage, Samuel","Pordage, Samuel, 1633-1691?"
A29987,A29987.xml,The Rehearsal,"Villiers, George","Buckingham, George Villiers, Duke of, 1628-1687."
A53070_02,A53070_02.xml,The Variety,"Cavendish, William","Newcastle, William Cavendish, Duke of, 1592-1676."
A27177_00,A27177_00.xml,Comedies and Tragedies,"Beaumont, Francis","Beaumont, Francis, 1584-1616."
A27177_14,A27177_14.xml,The Island Princess,"Fletcher, John","Beaumont, Francis, 1584-1616."
A12078,A12078.xml,The Fleer,"Sharpham, Edward","Sharpham, Edward, 1576-1608."
A68918,A68918.xml,The Conflict of Conscience,"Woodes, Nathaniel","Woodes, Nathaniel, fl. 1580."
A27177_28,A27177_28.xml,Women Pleased,"Fletcher, John","Beaumont, Francis, 1584-1616."
A27177_29,A27177_29.xml,A Wife for a Month,"Fletcher, John","Beaumont, Francis, 1584-1616."
A01777,A01777.xml,Albertus Wallenstein,"Glapthorne, Henry","Glapthorne, Henry."
A59508,A59508.xml,"Measure for Measure, or Beauty the Best Advocate","Gildon, Charles","Gildon, Charles, 1665-1724."
A06742,A06742.xml,The Maid's Metamorphosis,Anon.,
A27177_15,A27177_15.xml,The Humorous Lieutenant,"Fletcher, John","Beaumont, Francis, 1584-1616."
A08009,A08009.xml,Summer's Last Will and Testament,"Nashe, Thomas","Nash, Thomas, 1567-1601."
A59520,A59520.xml,"The Tempest, or The Enchanted Island","Davenant, William","Dryden, John, 1631-1700."
A27177_01,A27177_01.xml,The Mad Lover,"Fletcher, John","Beaumont, Francis, 1584-1616."
A68931,A68931.xml,"The first part of the contention betwixt the two famous houses of Yorke and Lancaster, with the death of the good Duke Humphrey: and the banishment an",,"Shakespeare, William, 1564-1616."
A36695,A36695.xml,"The State of Innocence, and Fall of Man","Dryden, John","Dryden, John, 1631-1700."
A49928,A49928.xml,"Lucius Junius Brutus, Father of His Country","Lee, Nathaniel","Lee, Nathaniel, 1653?-1692."
A02732,A02732.xml,Arches of Triumph,"Dekker, Thomas;Webster, John;Harrison, Stephen","Harrison, Stephen, joiner and architect."
A11909_09,A11909_09.xml,Octavia,"Seneca, Lucius Annaeus","Seneca, Lucius Annaeus, ca. 4 B.C.-65 A.D."
A27203,A27203.xml,The Wild Goose Chase,"Fletcher, John","Fletcher, John, 1579-1625."
A06583,A06583.xml,Campaspe,"Lyly, John","Lyly, John, 1554?-1605."
A14193,A14193.xml,Ralph Roister Doister,"Udall, Nicholas","Udall, Nicholas, 1505-1556."
A49479,A49479.xml,"Lust's Dominion, or The Lascivious Queen","Dekker, Thomas;Haughton, William;Day, John","Marlowe, Christopher, 1564-1593."
A07064,A07064.xml,Antonio's Revenge,"Marston, John","Marston, John, 1575?-1634."
A03202,A03202.xml,The Four Prentices of London,"Heywood, Thomas","Heywood, Thomas, d. 1641."
A30838,A30838.xml,"Cyrus the Great, or The Tragedy of Love","Banks, John","Banks, John, d. 1706."
A00723,A00723.xml,Amends for Ladies,"Field, Nathan","Field, Nathan, 1587-1620?"
A37158,A37158.xml,Circe,"Davenant, Charles","Davenant, Charles, 1656-1714."
A59332,A59332.xml,"Pastor Fido, or The Faithful Shepherd","Settle, Elkanah","Settle, Elkanah, 1648-1724."
A07528,A07528.xml,A Fair Quarrel,"Middleton, Thomas;William Rowley","Middleton, Thomas, d. 1627."
A06150,A06150.xml,The Masque of the Inner Temple and Gray's Inn,"Beaumont, Francis","Beaumont, Francis, 1584-1616."
A10726,A10726.xml,"The true tragedie of Richard Duke of York, and the death of good King Henrie the Sixt, with the whole contention betweene the two houses Lan",,"Shakespeare, William, 1564-1616."
A12131,A12131.xml,The Contention for Honor and Riches,"Shirley, James","Shirley, James, 1596-1666."
A06622,A06622.xml,Mother Bombie,"Lyly, John","Lyly, John, 1554?-1606."
A59497,A59497.xml,Julius Cæsar. A tragedy. As it is now acted at the Theatre Royal. Written by William Shakespeare.,,"Shakespeare, William, 1564-1616."
A68114,A68114.xml,1 Selimus,"Greene, Robert","T. G., fl. 1638."
A44429,A44429.xml,"Neglected Virtue, or The Unhappy Conqueror","Anon. (produced by Horden, Hildebrand)","Hopkins, Charles, 1664?-1700?"
A07504,A07504.xml,"A Mad World, My Masters","Middleton, Thomas","Middleton, Thomas, d. 1627."
A07510,A07510.xml,The Sun in Aries,"Middleton, Thomas","Middleton, Thomas, d. 1627."
A12135,A12135.xml,The Duke's Mistress,"Shirley, James","Shirley, James, 1596-1666."
A59450,A59450.xml,The Scowrers,"Shadwell, Thomas","Shadwell, Thomas, 1642?-1692."
A27373,A27373.xml,"The Mock Duellist, or The French Valet","Belon, Peter (?)","Belon, P. (Peter)"
A34327,A34327.xml,The Way of the World,"Congreve, William","Congreve, William, 1670-1729."
A93167,A93167.xml,The Cardinal,"Shirley, James","Shirley, James, 1596-1666."
A54404,A54404.xml,"Ariadne, or The Marriage of Bacchus","Perrin, Pierre","Grabu, Louis, d. 1694."
A48039,A48039.xml,"The Old Troop, or Monsieur Raggou","Lacy, John","Lacy, John, d. 1681."
A37000,A37000.xml,"Cinthia and Endimion, or The Loves of the Dieties","D'Urfey, Thomas","D'Urfey, Thomas, 1653-1723."
A13613,A13613.xml,"The Two First Comedies (Andria, The Eunuch)",Terence,Terence.
A67192,A67192.xml,The Country Wife,"Wycherley, William","Wycherley, William, 1640-1716."
A11992,A11992.xml,"The tragoedy of Othello, the Moore of Venice. As it hath beene diuerse times acted at the Globe, and at the Black-Friers, by his Maiesties Seruants. W",,"Shakespeare, William, 1564-1616."
A54955,A54955.xml,"The Beau Defeated, or The Lucky Younger Brother","Pix, Mary","Pix, Mary, 1666-1720."
A55493,A55493.xml,The Villain,"Porter, Thomas","Porter, T. (Thomas), 1636-1680."
A59295,A59295.xml,"Cambyses, King of Persia","Settle, Elkanah","Settle, Elkanah, 1648-1724."
A01773,A01773.xml,The Hollander,"Glapthorne, Henry","Glapthorne, Henry."
A19882,A19882.xml,The Triumphs of the Prince d'Amour,"Davenant, William","D'Avenant, William, Sir, 1606-1668."
A27177_05,A27177_05.xml,The Noble Gentleman,"Fletcher, John;Beaumont, Francis (?)","Beaumont, Francis, 1584-1616."
A27177_11,A27177_11.xml,The Loyal Subject,"Fletcher, John","Beaumont, Francis, 1584-1616."
A36685,A36685.xml,"Sir Martin Mar-all, or The Feigned Innocence","Dryden, John (adapting trans. by Cavendish, William?)","Dryden, John, 1631-1700."
A27177_10,A27177_10.xml,The Chances,"Fletcher, John","Beaumont, Francis, 1584-1616."
A59525,A59525.xml,"Titus Andronicus, or The Rape of Lavinia","Ravenscroft, Edward","Ravenscroft, Edward, 1654?-1707."
A27177_04,A27177_04.xml,The Custom of the Country,"Fletcher, John;Massinger, Philip","Beaumont, Francis, 1584-1616."
A12040,A12040.xml,The rape of Lucrece. By Mr. William Shakespeare. Newly reuised.,,"Shakespeare, William, 1564-1616."
A01772,A01772.xml,Argalus and Parthenia,"Glapthorne, Henry","Glapthorne, Henry."
A19883,A19883.xml,The Wits,"Davenant, Sir William","D'Avenant, William, Sir, 1606-1668."
A02284,A02284.xml,"Il Pastor Fido, or The Faithful Shepherd","Guarini, Battista","Guarini, Battista, 1538-1612."
A36653,A36653.xml,The Mistaken Husband,Anon.,"Dryden, John, 1631-1700."
A31672,A31672.xml,Revenge for Honor,"Glapthorne, Henry","Chapman, George, 1559?-1634."
A55492,A55492.xml,The French Conjurer,"P., T.","Porter, T. (Thomas), 1636-1680."
A07897,A07897.xml,"The Death of Robert, Earl of Huntingdon","Munday, Anthony;Chettle, Henry","Munday, Anthony, 1553-1633."
A17460,A17460.xml,"The Two Merry Milkmaids, or The Best Words Wear the Garland","Cumber, John (?)","J. C., fl. 1620."
A57093,A57093.xml,"Achilles, or Iphigenia in Aulis","Boyer, Abel","Boyer, Abel, 1667-1729."
A11978,A11978.xml,"M. William Shak-speare: his true chronicle historie of the life and death of King Lear and his three daughters. With the vnfortunate life of Edgar, so",,"Shakespeare, William, 1564-1616."
A02125,A02125.xml,Orlando Furioso,"Greene, Robert","Greene, Robert, 1558?-1592."
A06343,A06343.xml,Philaster,"Beaumont, Francis;Fletcher, John","Beaumont, Francis, 1584-1616."
A93166,A93166.xml,The Brothers,"Shirley, James","Shirley, James, 1596-1666."
A02455,A02455.xml,The Queen of Aragon,"Habington, William","Habington, William, 1605-1654."
A18419,A18419.xml,An Humorous Day's Mirth,"Chapman, George","Chapman, George, 1559?-1634."
A59445,A59445.xml,The Royal Shepherdess,"Shadwell, Thomas","Shadwell, Thomas, 1642?-1692."
A07511,A07511.xml,A Trick to Catch the Old One,"Middleton, Thomas","Middleton, Thomas, d. 1627."
A07505,A07505.xml,Michaelmas Term,"Middleton, Thomas","Middleton, Thomas, d. 1627."
A18425,A18425.xml,Caesar and Pompey (The Wars of Caesar and Pompey),"Chapman, George","Chapman, George, 1559?-1634."
A04959,A04959.xml,Corona Minervae,"Kynaston, Francis (?)","Kinnaston, Francis, Sir, 1587-1642."
A07513,A07513.xml,The Triumphs of Honor and Industry,"Middleton, Thomas","Middleton, Thomas, d. 1627."
A59309,A59309.xml,The Fairy Queen,"Anon. (Settle, Elkanah?)","Purcell, Henry, 1659-1695."
A18427,A18427.xml,The Ball,"Shirley, James","Shirley, James, 1596-1666."
A07507,A07507.xml,The Phoenix,"Middleton, Thomas","Middleton, Thomas, d. 1627."
A06619,A06619.xml,Gallathea,"Lyly, John","Lyly, John, 1554?-1605."
A07249,A07249.xml,The Virgin Martyr,"Dekker, Thomas;Massinger, Philip","Massinger, Philip, 1583-1640."
A12136,A12136.xml,The Example,"Shirley, James","Shirley, James, 1596-1666."
A06625,A06625.xml,Sappho and Phao,"Lyly, John","Lyly, John, 1554?-1606."
A15498,A15498.xml,Tancred and Gismund,"Wilmot, Robert;Hatton, Christopher;Noel, Henry;Al., G.;Stafford, Roderick","R.W. (Robert Wilmot), fl. 1568-1608."
A07077,A07077.xml,"Parasitaster, or The Fawn","Marston, John","Marston, John, 1575?-1634."
A44628,A44628.xml,"The Six Days' Adventure, or The New Utopia","Howard, Edward","Howard, Edward, fl. 1669."
A03205,A03205.xml,"The Golden Age, or The Lives of Jupiter and Saturn","Heywood, Thomas","Heywood, Thomas, d. 1641."
A07063,A07063.xml,Antonio and Mellida,"Marston, John","Marston, John, 1575?-1634."
A93170,A93170.xml,The Doubtful Heir,"Shirley, James","Shirley, James, 1596-1666."
A28902,A28902.xml,"The Contended Cuckold, or The Woman's Advocate","Bourne, Reuben","Bourne, Reuben, fl. 1692."
A04637_01,A04637_01.xml,King James his Royal and Magnificent Entertainment through his Honorable City of London,"Jonson, Ben","Jonson, Ben, 1573?-1637."
A27204,A27204.xml,Wit without Money,"Fletcher, John","Beaumont, Francis, 1584-1616."
A07895,A07895.xml,Chryso-Thriambos,"Munday, Anthony","Munday, Anthony, 1553-1633."
A11991,A11991.xml,"Much adoe about nothing. As it hath been sundrie times publikely acted by the right honourable, the Lord Chamberlaine his seruants. Written",,"Shakespeare, William, 1564-1616."
A54956,A54956.xml,The Deceiver Deceived,"Pix, Mary","Pix, Mary, 1666-1720."
A55490,A55490.xml,The Carnival,"Porter, Thomas","Porter, T. (Thomas), 1636-1680."
A07498,A07498.xml,A Game at Chess,"Middleton, Thomas","Middleton, Thomas, d. 1627."
A36645,A36645.xml,Marriage à la Mode,"Dryden, John","Dryden, John, 1631-1700."
A11205,A11205.xml,The Shepherds' Holiday,"Rutter, Joseph","J. R. (Joseph Rutter), fl. 1635-1640."
A19881,A19881.xml,"Albovine, King of the Lombards","Davenant, Sir William","D'Avenant, William, Sir, 1606-1668."
A27177_12,A27177_12.xml,The Laws of Candy,"Ford, John","Beaumont, Francis, 1584-1616."
A07329,A07329.xml,"Antigone, the Theban Princess","May, Thomas","May, Thomas, 1595-1650."
A27177_06,A27177_06.xml,The Captain,"Fletcher, John;Beaumont, Francis (?)","Beaumont, Francis, 1584-1616."
A36692,A36692.xml,"The Spanish Friar, or The Double Discovery","Dryden, John","Dryden, John, 1631-1700."
A27177_07,A27177_07.xml,Beggars' Bush,"Beaumont, Francis;Fletcher, John;Massinger, Philip","Beaumont, Francis, 1584-1616."
A27177_13,A27177_13.xml,The Wandering Lovers,"Fletcher, John;Massinger, Philip","Beaumont, Francis, 1584-1616."
A19880,A19880.xml,Salmacida Spolia,"Davenant, William","D'Avenant, William, Sir, 1606-1668."
A43595,A43595.xml,Fortune by Land and Sea,"Heywood, Thomas;Rowley, William","Heywood, Thomas, d. 1641."
A54957,A54957.xml,"The False Friend, or The Fate of Disobedience","Pix, Mary","Pix, Mary, 1666-1720."
A59056,A59056.xml,The Mulberry Garden,"Sedley, Charles","Sedley, Charles, Sir, 1639?-1701."
A51422,A51422.xml,The Loving Enemies,"Maidwell, Lewis","Maidwell, Lewis, 1650-1715."
A13611,A13611.xml,Andria,Terence,Terence.
A10495,A10495.xml,The Rebellion,"Rawlins, Thomas","Rawlins, Thomas, 1620?-1670."
A02091,A02091.xml,"Alphonsus, King of Aragon","Greene, Robert","Greene, Robert, 1558?-1592."
A19260,A19260.xml,"Greene's Tu Quoque, or The City Gallant","Cooke, Joshua","Cooke, Jo., fl. 1614."
A00725,A00725.xml,A Woman Is a Weathercock,"Field, Nathan","Field, Nathan, 1587-1620?"
A44629,A44629.xml,The Usurper,"Howard, Edward","Howard, Edward, fl. 1669."
A29360,A29360.xml,The Spiteful Sister,"Bailey, Abraham","Bailey, Abraham, fl. 1667."
A12137,A12137.xml,The Gamester,"Shirley, James","Shirley, James, 1596-1666."
A59320,A59320.xml,"Ibrahim, the Illustrious Bassa","Settle, Elkanah","Settle, Elkanah, 1648-1724."
A59452,A59452.xml,The Squire of Alsatia,"Shadwell, Thomas","Shadwell, Thomas, 1642?-1692."
A07248,A07248.xml,The Unnatural Combat,"Massinger, Philip","Massinger, Philip, 1583-1640."
A19738,A19738.xml,The Wars of Cyrus,Anon.,"Farrant, Richard, d. 1580,"
A18426,A18426.xml,The Widow's Tears,"Chapman, George","Chapman, George, 1559?-1634."
A07512,A07512.xml,The Triumphs of Health and Prosperity,"Middleton, Thomas","Middleton, Thomas, d. 1627."
A46228,A46228.xml,The Devil Is an Ass,"Jonson, Ben","Jonson, Ben, 1573?-1637."
A66885,A66885.xml,The Woman Turned Bully,Anon.,
A36757,A36757.xml,The Empress of Morocco,"Duffett, Thomas","Duffett, Thomas."
A56909,A56909.xml,"Agrippa, King of Alba, or The False Tiberinus","Dancer, John","Dancer, John, fl. 1660-1675."
A19978,A19978.xml,The Travels of the Three English Brothers,"Day, John;Wilkins, George;Rowley, William","Day, John, 1574-1640?"
A59353,A59353.xml,The Triumphs of London,"Settle, Elkanah","Settle, Elkanah, 1648-1724."
A12150,A12150.xml,The Royal Master,"Shirley, James","Shirley, James, 1596-1666."
A35289,A35289.xml,The Misery of Civil War,"Crowne, John","Crown, Mr. (John), 1640?-1712."
A00959,A00959.xml,"The Bloody Brother (Rollo, Duke of Normandy)","Fletcher, John; Massinger, Philip","Fletcher, John, 1579-1625."
A07978,A07978.xml,Tottenham Court,"Nabbes, Thomas","Nabbes, Thomas, 1605?-1645?"
A02800,A02800.xml,Englishmen for My Money,"Haughton, William","Haughton, William, d. 1605."
A53468,A53468.xml,Mr Anthony,"Boyle, Roger","Orrery, Roger Boyle, Earl of, 1621-1679."
A62851,A62851.xml,"Brutus of Alba, or The Enchanted Lovers","Tate, Nahum","Tate, Nahum, 1652-1715."
A39712,A39712.xml,"Erminia, or The Fair and Virtuous Lady","Flecknoe, Richard","Flecknoe, Richard, d. 1678?"
A66564,A66564.xml,"Belphegor, or The Marriage of the Devil","Wilson, John","Wilson, John, 1626-1696."
A73627,A73627.xml,"Caesar and Pompey, or Caesar's Revenge",Anon.,
A15549,A15549.xml,Wily Beguiled,Anon.,
A53534,A53534.xml,"Titus and Berenice, with The Cheats of Scapin","Otway, Thomas","Otway, Thomas, 1652-1685."
A01500,A01500.xml,Cornelia,"Garnier, Robert","Garnier, Robert, 1544-1590."
A04633_03,A04633_03.xml,The Staple of News,"Jonson, Ben","Jonson, Ben, 1573?-1637."
A67336,A67336.xml,The Maid's Tragedy,"Waller, Edmund","Waller, Edmund, 1606-1687."
A21411,A21411.xml,The Two Maids of More-Clacke,"Armin, Robert","Armin, Robert, fl. 1610."
A20069,A20069.xml,The Magnificent Entertainment Given to King James,"Dekker, Thomas","Dekker, Thomas, ca. 1572-1632."
A12030,A12030.xml,A Yorkshire Tragedy,"Middleton, Thomas (?)","Shakespeare, William, 1564-1616."
A04652,A04652.xml,The Fortunate Isles and Their Union,"Jonson, Ben","Jonson, Ben, 1573?-1637."
A12024,A12024.xml,Pericles,"Shakespeare, William","Shakespeare, William, 1564-1616."
A20096,A20096.xml,The Famous History of Sir Thomas Wyatt,"Dekker, Thomas;Webster, John","Dekker, Thomas, ca. 1572-1632."
A07367,A07367.xml,The City Match,"Mayne, Jasper","Mayne, Jasper, 1604-1672."
A58111,A58111.xml,"Dame Dobson, or The Cunning Woman","Ravenscroft, Edward","Ravenscroft, Edward, 1654?-1707."
A58110,A58110.xml,The Careless Lovers,"Ravenscroft, Edward","Ravenscroft, Edward, 1654?-1707."
A11262,A11262.xml,Locrine,"S., W.","W. S., fl. 1595."
A20083,A20083.xml,The Shoemaker's Holiday,"Dekker, Thomas","Dekker, Thomas, ca. 1572-1632."
A04874,A04874.xml,The Seven Champions of Christendom,"Kirke, John","Kirke, John, d. 1643."
A28408,A28408.xml,"The Bloody Duke, or The Adventures for a Crown",Anon.,Author of The abdicated prince.
A36622,A36622.xml,"An Evening's Love, or The Mock Astrologer","Dryden, John","Dryden, John, 1631-1700."
A53521,A53521.xml,"The Orphan, or The Unhappy Marriage","Otway, Thomas","Otway, Thomas, 1652-1685."
A06252,A06252.xml,The Knight of the Burning Pestle,"Beaumont, Francis","Beaumont, Francis, 1584-1616."
A27288,A27288.xml,The Emperor of the Moon,"Behn, Aphra","Behn, Aphra, 1640-1689."
A14871,A14871.xml,Monuments of Honor,"Webster, John","Webster, John, 1580?-1625?"
A27277,A27277.xml,"Abdelazer, or The Moor's Revenge","Behn, Aphra","Behn, Aphra, 1640-1689."
A63353,A63353.xml,London's Great Jubilee,"Taubman, Matthew","Taubman, Matthew, d. 1690?"
A66565,A66565.xml,The Cheats,"Wilson, John","Wilson, John, 1626-1696."
A07004,A07004.xml,1 Tamburlaine,"Marlowe, Christopher","Marlowe, Christopher, 1564-1593."
A02168,A02168.xml,The Scottish History of James the Fourth,"Greene, Robert","Greene, Robert, 1558?-1592."
A51518,A51518.xml,"Doctor Faustus, with the Humours of Harlequin and Scaramouche","Mountfort, William","Mountfort, William, 1664?-1692."
A69093,A69093.xml,Monsieur D'Olive,"Chapman, George","Chapman, George, 1559?-1634."
A07979,A07979.xml,The Unfortunate Mother,"Nabbes, Thomas","Nabbes, Thomas, 1605?-1645?"
A27303,A27303.xml,"The Lucky Chance, or An Alderman's Bargain","Behn, Aphra","Behn, Aphra, 1640-1689."
A55540,A55540.xml,The Cornish Comedy,"Anon. (produced by Powell, George?)","Powell, George, 1658?-1714."
A59992_06,A59992_06.xml,The Court Secret,"Shirley, James","Shirley, James, 1596-1666."
A36965,A36965.xml,2 The Comical History of Don Quixote,"D'Urfey, Thomas","D'Urfey, Thomas, 1653-1723."
A12151,A12151.xml,1 Saint Patrick for Ireland,"Shirley, James","Shirley, James, 1596-1666."
A12145,A12145.xml,The Maid's Revenge,"Shirley, James","Shirley, James, 1596-1666."
A17968,A17968.xml,The Deserving Favorite,"Carlell, Lodowick","Carlell, Lodowick, 1602?-1675."
A70717,A70717.xml,"The Triumphant Widow, or The Medley of Humours","Cavendish, William (produced by Shadwell, Thomas)","Newcastle, William Cavendish, Duke of, 1592-1676."
A36756,A36756.xml,Beauty's Triumph,"Duffett, Thomas","Duffett, Thomas."
A17956,A17956.xml,"Mariam, the Fair Queen of Jewry","Cary, Elizabeth","Cary, Elizabeth, Lady, 1585 or 6-1639."
A62477,A62477.xml,The Thracian Wonder,"Webster, John;Rowley, William","Webster, John, 1580?-1625?"
A07238,A07238.xml,The Emperor of the East,"Massinger, Philip","Massinger, Philip, 1583-1640."
A01513_00 2,A01513_00 2.xml,A hundreth sundrie flowres bounde vp in one small poesie,"Gascoigne, George","Gascoigne, George, 1542?-1577."
A59350,A59350.xml,The Triumphs of London,"Settle, Elkanah","Settle, Elkanah, 1648-1724."
A59992_04,A59992_04.xml,The Impostor,"Shirley, James","Shirley, James, 1596-1666."
A55542,A55542.xml,"The Imposture Defeated, or A Trick to Cheat the Devil","Powell, George","Powell, George, 1658?-1714."
A36973,A36973.xml,"1 & 2 Massaniello, or A Fisherman a Prince","D'Urfey, Thomas","D'Urfey, Thomas, 1653-1723."
A00966,A00966.xml,"The Night Walker, or The Little Thief","Fletcher, John;Shirley, James","Fletcher, John, 1579-1625."
A03248,A03248.xml,The Royal King and the Loyal Subject,"Heywood, Thomas","Heywood, Thomas, d. 1641."
A13846,A13846.xml,Albion's Triumph,"Townshend, Aurelian","Townshend, Aurelian, fl. 1601-1643."
A66573,A66573.xml,The Projectors,"Wilson, John","Wilson, John, 1626-1696."
A65052,A65052.xml,1 & 2 Aesop,"Vanbrugh, John","Vanbrugh, John, Sir, 1664-1726."
A02226_04,A02226_04.xml,Alaham,"Greville, Fulke","Greville, Fulke, Baron Brooke, 1554-1628."
A34590,A34590.xml,The Feigned Astrologer,Anon.,"Calderón de la Barca, Pedro, 1600-1681. Astrologo fingido."
A69867,A69867.xml,"Amphitryon, or The Two Socias","Dryden, John","Dryden, John, 1631-1700."
A40946,A40946.xml,"Pluto Furens et Vinctus, or The Raging Devil Bound","Carr, William","Carr, William."
A04645,A04645.xml,Epicoene or The Silent Woman,"Jonson, Ben","Jonson, Ben, 1573?-1637."
A20081,A20081.xml,"Satiromastix, or The Untrussing of the Humorous Poet","Dekker, Thomas","Dekker, Thomas, ca. 1572-1632."
A08731,A08731.xml,The Lost Lady,"Berkeley, Sir William","Berkeley, William, Sir, 1608-1677."
A58113,A58113.xml,The Italian Husband,"Ravenscroft, Edward","Ravenscroft, Edward, 1654?-1707."
A04888,A04888.xml,A Knack to Know a Knave,Anon.,"Kemp, William, fl. 1600."
A04644,A04644.xml,Chloridia,"Jonson, Ben","Jonson, Ben, 1573?-1637."
A31614,A31614.xml,"Wits Led by the Nose, or A Poet's Revenge",Anon.,"Chamberlayne, William, 1619-1689."
A04633_01,A04633_01.xml,Bartholomew Fair,"Jonson, Ben","Jonson, Ben, 1573?-1637."
A36609,A36609.xml,"Cleomenes, The Spartan Hero","Dryden, John","Dryden, John, 1631-1700."
A25891,A25891.xml,The Reformation,"Arrowsmith, Joseph","Arrowsmith, Joseph, fl. 1673."
A01502,A01502.xml,Antonius,"Garnier, Robert","Garnier, Robert, 1544-1590."
A34585,A34585.xml,Pompey the Great,"Corneille, Pierre","Corneille, Pierre, 1606-1684."
A35670,A35670.xml,Iphigenia,"Dennis, John","Dennis, John, 1657-1734."
A14872,A14872.xml,The Duchess of Malfi,"Webster, John","Webster, John, 1580?-1625?"
A39704,A39704.xml,The Damoiselles à la Mode,"Flecknoe, Richard","Flecknoe, Richard, d. 1678?"
A36594,A36594.xml,"Amboyna, or The Cruelties of the Dutch to the English Merchants","Dryden, John","Dryden, John, 1631-1700."
A00967,A00967.xml,Rule a Wife and Have a Wife,"Fletcher, John","Fletcher, John, 1579-1625."
A52953,A52953.xml,Canterbury His Change of Diet,Anon.,
A38208,A38208.xml,"Encyclochoria, or Universal Motion",Anon.,De la Grange.
A06480,A06480.xml,All for Money,"Lupton, Thomas","Lupton, Thomas."
A18331,A18331.xml,The Spanish Bawd,"Rojas, Fernando de","Rojas, Fernando de, d. 1541."
A55543,A55543.xml,"Brutus of Alba, or Augusta's Triumph","Anon. (produced by Powell, George; Verbruggen, John)","Powell, George, 1658?-1714."
A36966,A36966.xml,A Commonwealth of Women,"D'Urfey, Thomas","D'Urfey, Thomas, 1653-1723."
A09228,A09228.xml,The Love of David and Fair Bathsheba,"Peele, George","Peele, George, 1556-1596."
A34817,A34817.xml,Cutter of Coleman Street,"Cowley, Abraham","Cowley, Abraham, 1618-1667."
A59437,A59437.xml,The Miser,"Shadwell, Thomas","Shadwell, Thomas, 1642?-1692."
A59351,A59351.xml,The Triumphs of London,"Settle, Elkanah","Settle, Elkanah, 1648-1724."
A12152,A12152.xml,The School of Compliment,"Shirley, James","Shirley, James, 1596-1666."
A07239,A07239.xml,The Great Duke of Florence,"Massinger, Philip","Massinger, Philip, 1583-1640."
A36755,A36755.xml,"The Amorous Old Woman, or 'Tis Well if It Take","Anon. (produced by Duffett, Thomas?)","Duffett, Thomas."
A01853,A01853.xml,Lodovick Sforza,"Gomersall, Robert","Gomersall, Robert, 1602-1646?"
A20866,A20866.xml,The Duchess of Suffolk,"Drue, Thomas","Drue, Thomas, fl. 1616-1653."
A46249,A46249.xml,London in Lustre,"Jordan, Thomas","Jordan, Thomas, 1612?-1685?"
A59427,A59427.xml,The Humorists,"Shadwell, Thomas","Shadwell, Thomas, 1642?-1692."
A59355,A59355.xml,The Triumphs of London,"Settle, Elkanah","Settle, Elkanah, 1648-1724."
A12142,A12142.xml,The Lady of Pleasure,"Shirley, James","Shirley, James, 1596-1666."
A47382,A47382.xml,The Imperial Tragedy,"Killigrew, William","Killigrew, William, Sir, 1606-1695."
A62894,A62894.xml,"Lingua, or The Combat of the Tongue and the Five Senses for Superiority","Tomkis, Thomas","Tomkis, Thomas, fl. 1604-1615."
A07003,A07003.xml,The Massacre at Paris,"Marlowe, Christopher","Marlowe, Christopher, 1564-1593."
A13062,A13062.xml,Jack Straw,Anon.,
A06453,A06453.xml,"Luminalia, or The Festival of Light","Davenant, William","D'Avenant, William, Sir, 1606-1668."
A13843,A13843.xml,The Revenger's Tragedy,"Middleton, Thomas (?)","Tourneur, Cyril, 1575?-1626,"
A01513_00,A01513_00.xml,A hundreth sundrie flowres bounde vp in one small poesie,"Gascoigne, George","Gascoigne, George, 1542?-1577."
A01506,A01506.xml,The Entertainment at Norwich,"Churchyard, Thomas;Garter, Bernard;Goldingham, Henry",B. G. Bernard Garter.
A34581,A34581.xml,Nicomede,"Corneille, Pierre","Corneille, Pierre, 1606-1684."
A20053,A20053.xml,Britannia's Honour,"Dekker, Thomas","Dekker, Thomas, ca. 1572-1632."
A63181,A63181.xml,"Knavery in All Trades, or The Coffee-House",Anon.,"Tatham, John, fl. 1632-1664."
A11265,A11265.xml,Thomas Lord Cromwell,"S., W.",W. S.
A20090,A20090.xml,Troia Nova Triumphans,"Dekker, Thomas","Dekker, Thomas, ca. 1572-1632."
A04654,A04654.xml,Hymenaei,"Jonson, Ben","Jonson, Ben, 1573?-1637."
A04655,A04655.xml,Love's Triumph Through Callipolis,"Jonson, Ben","Jonson, Ben, 1573?-1637."
A12023,A12023.xml,The London Prodigal,Anon.,"Shakespeare, William, 1564-1616,"
A11264,A11264.xml,"The Puritan, or The Widow of Watling Street","Middleton, Thomas",W. S.
A34999,A34999.xml,"The Heroic Lover, or The Infanta of Spain","Cartwright, George","Cartwright, George, fl. 1661."
A19837,A19837.xml,The Vision of the Twelve Goddesses,"Daniel, Samuel","Daniel, Samuel, 1562-1619."
A01513_01,A01513_01.xml,Supposes,"Ariosto, Ludovico","Gascoigne, George, 1542?-1577."
A66563,A66563.xml,Andronicus Comnenus,"Wilson, John","Wilson, John, 1626-1696."
A03258,A03258.xml,The Late Lancashire Witches,"Heywood, Thomas;Brome, Richard","Heywood, Thomas, d. 1641."
A45225,A45225.xml,To Love Only for Love's Sake,"Hurtado de Mendoza, Antonio","Hurtado de Mendoza, Antonio, 1586-1644."
A65693,A65693.xml,"The Conspiracy, or The Change of Government","Whitaker, William","Whitaker, Mr. (William), fl. 1680."
A00962,A00962.xml,The Faithful Shepherdess,"Fletcher, John","Fletcher, John, 1579-1625."
A59354,A59354.xml,The Triumphs of London,"Settle, Elkanah","Settle, Elkanah, 1648-1724."
A59432,A59432.xml,The Libertine,"Shadwell, Thomas","Shadwell, Thomas, 1642?-1692."
A12143,A12143.xml,Love's Cruelty,"Shirley, James","Shirley, James, 1596-1666."
A12157,A12157.xml,The Witty Fair One,"Shirley, James","Shirley, James, 1596-1666."
A46248,A46248.xml,London in Its Splendour,"Jordan, Thomas","Jordan, Thomas, 1612?-1685?"
A20867,A20867.xml,Jack Drum's Entertainment,"Marston, John","Marston, John, 1575-1634."
A55546,A55546.xml,The Treacherous Brothers,"Powell, George","Powell, George, 1658?-1714."
A21238,A21238.xml,The Queen's Entertainment at Woodstock,"Gascoigne, George (?);Lee, Henry (?)","Elizabeth, 1533-1603."
A35271,A35271.xml,"Calisto, or The Chaste Nymph","Crowne, John","Crown, Mr. (John), 1640?-1712."
A01840,A01840.xml,Orestes,"Goffe, Thomas","Goffe, Thomas, 1591-1629."
A36975,A36975.xml,"A Fond Husband, or The Plotting Sisters","D'Urfey, Thomas","D'Urfey, Thomas, 1653-1723."
A12141,A12141.xml,The Humorous Courtier,"Shirley, James","Shirley, James, 1596-1666."
A46276,A46276.xml,The Triumphs of London,"Jordan, Thomas","Jordan, Thomas, 1612?-1685?"
A59356,A59356.xml,The World in the Moon,"Settle, Elkanah","Settle, Elkanah, 1648-1724."
A12155,A12155.xml,The Wedding,"Shirley, James","Shirley, James, 1596-1666."
A00960,A00960.xml,The Elder Brother,"Fletcher, John;Massinger, Philip","Fletcher, John, 1579-1625."
A48059,A48059.xml,"Sir Hercules Buffoon, or The Poetical Squire","Lacy, John","Lacy, John, d. 1681."
A08469,A08469.xml,1 Sir John Oldcastle,"Munday, Anthony;Drayton, Michael;Wilson, Robert;Hathaway, Richard","Munday, Anthony, 1553-1633."
A18083,A18083.xml,The Royal Slave,"Cartwright, William","Cartwright, William, 1611-1643."
A14875,A14875.xml,The White Devil,"Webster, John","Webster, John, 1580?-1625?"
A50789,A50789.xml,The Changeling,"Middleton, Thomas;Rowley, William","Middleton, Thomas, d. 1627."
A46869,A46869.xml,"The Devil of a Wife, or A Comical Transformation","Jevon, Thomas","Jevon, Thomas, 1652-1688."
A13840,A13840.xml,"The Atheist's Tragedy, or The Honest Man's Revenge","Tourneur, Cyril","Tourneur, Cyril, 1575?-1626."
A54921,A54921.xml,Piso's Conspiracy,Anon.,"Lee, Nathaniel, 1653?-1692. Nero, Emperor of Rome."
A19835,A19835.xml,The Queen's Arcadia,"Daniel, Samuel","Daniel, Samuel, 1562-1619."
A58114,A58114.xml,King Edgar and Alfreda,"Ravenscroft, Edward","Ravenscroft, Edward, 1654?-1707."
A12035,A12035.xml,Lucrece.,,"Shakespeare, William, 1564-1616."
A01049,A01049.xml,The Fancies Chaste and Noble,"Ford, John","Ford, John, 1586-ca. 1640."
A20093,A20093.xml,The Wonder of A Kingdom,"Dekker, Thomas","Dekker, Thomas, ca. 1572-1632."
A12021,A12021.xml,The historie of Troylus and Cresseida. As it was acted by the Kings Maiesties seruants at the Globe. Written by William Shakespeare.,,"Shakespeare, William, 1564-1616."
A04643,A04643.xml,The Characters of Two Royal Masques,"Jonson, Ben","Jonson, Ben, 1573?-1637."
A20092,A20092.xml,The Whore of Babylon,"Dekker, Thomas","Dekker, Thomas, ca. 1572-1632."
A04656,A04656.xml,Neptune's Triumph for the Return of Albion,"Jonson, Ben","Jonson, Ben, 1573?-1637."
A02227,A02227.xml,Mustapha,"Greville, Fulke","Greville, Fulke, Baron Brooke, 1554-1628."
A05206,A05206.xml,The True Chronicle of King Leir,Anon.,"Drayton, Michael, 1563-1631,"
A34583,A34583.xml,Pompey,"Corneille, Pierre","Corneille, Pierre, 1606-1684."
A01513_02,A01513_02.xml,Jocasta,"Dolce, Ludovico","Gascoigne, George, 1542?-1577."
A12578,A12578.xml,Soliman and Perseda,"Kyd, Thomas","Kyd, Thomas, 1558-1594,"
A53530,A53530.xml,The Soldier's Fortune,"Otway, Thomas","Otway, Thomas, 1652-1685."
A69121,A69121.xml,Clyomon and Clamydes,"Peele, George","Peele, George, 1556-1596,"
A51496,A51496.xml,Beauty in Distress,"Motteux, Peter","Motteux, Peter Anthony, 1660-1718."
A04520,A04520.xml,The Troublesome Reign of King John,Anon.,"Shakespeare, William, 1564-1616, attributed name."
A12154,A12154.xml,The Traitor,"Shirley, James","Shirley, James, 1596-1666."
A12140,A12140.xml,Hyde Park,"Shirley, James","Shirley, James, 1596-1666."
A35299,A35299.xml,Thyestes,"Crowne, John","Crown, Mr. (John), 1640?-1712."
A59419,A59419.xml,Epsom Wells,"Shadwell, Thomas","Shadwell, Thomas, 1642?-1692."
A07217,A07217.xml,The Turk,"Mason, John","Mason, John, fl. 1606-1610."
