TCP_ID;URL;DraCor_ID
A00456;https://texts.earlyprint.org/downloads/A00/A00456.xml.zip;eng000001
A00723;https://texts.earlyprint.org/downloads/A00/A00723.xml.zip;eng000002
A00725;https://texts.earlyprint.org/downloads/A00/A00725.xml.zip;eng000003
A00760;https://texts.earlyprint.org/downloads/A00/A00760.xml.zip;eng000004
A00959;https://texts.earlyprint.org/downloads/A00/A00959.xml.zip;eng000005
A00960;https://texts.earlyprint.org/downloads/A00/A00960.xml.zip;eng000006
A00962;https://texts.earlyprint.org/downloads/A00/A00962.xml.zip;eng000007
A00966;https://texts.earlyprint.org/downloads/A00/A00966.xml.zip;eng000008
A00967;https://texts.earlyprint.org/downloads/A00/A00967.xml.zip;eng000009
A00968;https://texts.earlyprint.org/downloads/A00/A00968.xml.zip;eng000010
A00969;https://texts.earlyprint.org/downloads/A00/A00969.xml.zip;eng000011
A00979;https://texts.earlyprint.org/downloads/A00/A00979.xml.zip;eng000012
A01046;https://texts.earlyprint.org/downloads/A01/A01046.xml.zip;eng000013
A01047;https://texts.earlyprint.org/downloads/A01/A01047.xml.zip;eng000014
A01049;https://texts.earlyprint.org/downloads/A01/A01049.xml.zip;eng000015
A01052;https://texts.earlyprint.org/downloads/A01/A01052.xml.zip;eng000016
A01055;https://texts.earlyprint.org/downloads/A01/A01055.xml.zip;eng000017
A01056;https://texts.earlyprint.org/downloads/A01/A01056.xml.zip;eng000018
A01057;https://texts.earlyprint.org/downloads/A01/A01057.xml.zip;eng000019
A01253;https://texts.earlyprint.org/downloads/A01/A01253.xml.zip;eng000020
A01353;https://texts.earlyprint.org/downloads/A01/A01353.xml.zip;eng000021
A01425;https://texts.earlyprint.org/downloads/A01/A01425.xml.zip;eng000022
A01500;https://texts.earlyprint.org/downloads/A01/A01500.xml.zip;eng000023
A01502;https://texts.earlyprint.org/downloads/A01/A01502.xml.zip;eng000024
A01506;https://texts.earlyprint.org/downloads/A01/A01506.xml.zip;eng000025
A01509;https://texts.earlyprint.org/downloads/A01/A01509.xml.zip;eng000026
A01513_01;https://texts.earlyprint.org/downloads/A01/A01513_01.xml.zip;eng000027
A01513_02;https://texts.earlyprint.org/downloads/A01/A01513_02.xml.zip;eng000028
A01520;https://texts.earlyprint.org/downloads/A01/A01520.xml.zip;eng000029
A01772;https://texts.earlyprint.org/downloads/A01/A01772.xml.zip;eng000030
A01773;https://texts.earlyprint.org/downloads/A01/A01773.xml.zip;eng000031
A01775;https://texts.earlyprint.org/downloads/A01/A01775.xml.zip;eng000032
A01777;https://texts.earlyprint.org/downloads/A01/A01777.xml.zip;eng000033
A01779;https://texts.earlyprint.org/downloads/A01/A01779.xml.zip;eng000034
A01840;https://texts.earlyprint.org/downloads/A01/A01840.xml.zip;eng000035
A01853;https://texts.earlyprint.org/downloads/A01/A01853.xml.zip;eng000036
A01911;https://texts.earlyprint.org/downloads/A01/A01911.xml.zip;eng000037
A01989;https://texts.earlyprint.org/downloads/A01/A01989.xml.zip;eng000038
A02070;https://texts.earlyprint.org/downloads/A02/A02070.xml.zip;eng000039
A02091;https://texts.earlyprint.org/downloads/A02/A02091.xml.zip;eng000040
A02125;https://texts.earlyprint.org/downloads/A02/A02125.xml.zip;eng000041
A02128;https://texts.earlyprint.org/downloads/A02/A02128.xml.zip;eng000042
A02168;https://texts.earlyprint.org/downloads/A02/A02168.xml.zip;eng000043
A02226_04;https://texts.earlyprint.org/downloads/A02/A02226_04.xml.zip;eng000044
A02227;https://texts.earlyprint.org/downloads/A02/A02227.xml.zip;eng000045
A02262;https://texts.earlyprint.org/downloads/A02/A02262.xml.zip;eng000046
A02284;https://texts.earlyprint.org/downloads/A02/A02284.xml.zip;eng000047
A02455;https://texts.earlyprint.org/downloads/A02/A02455.xml.zip;eng000048
A02629;https://texts.earlyprint.org/downloads/A02/A02629.xml.zip;eng000049
A02732;https://texts.earlyprint.org/downloads/A02/A02732.xml.zip;eng000050
A02800;https://texts.earlyprint.org/downloads/A02/A02800.xml.zip;eng000051
A02827;https://texts.earlyprint.org/downloads/A02/A02827.xml.zip;eng000052
A03019;https://texts.earlyprint.org/downloads/A03/A03019.xml.zip;eng000053
A03189;https://texts.earlyprint.org/downloads/A03/A03189.xml.zip;eng000054
A03190;https://texts.earlyprint.org/downloads/A03/A03190.xml.zip;eng000055
A03195;https://texts.earlyprint.org/downloads/A03/A03195.xml.zip;eng000056
A03197;https://texts.earlyprint.org/downloads/A03/A03197.xml.zip;eng000057
A03201_01;https://texts.earlyprint.org/downloads/A03/A03201_01.xml.zip;eng000058
A03201_02;https://texts.earlyprint.org/downloads/A03/A03201_02.xml.zip;eng000059
A03202;https://texts.earlyprint.org/downloads/A03/A03202.xml.zip;eng000060
A03205;https://texts.earlyprint.org/downloads/A03/A03205.xml.zip;eng000061
A03208;https://texts.earlyprint.org/downloads/A03/A03208.xml.zip;eng000062
A03217;https://texts.earlyprint.org/downloads/A03/A03217.xml.zip;eng000063
A03223_01;https://texts.earlyprint.org/downloads/A03/A03223_01.xml.zip;eng000064
A03223_02;https://texts.earlyprint.org/downloads/A03/A03223_02.xml.zip;eng000065
A03224;https://texts.earlyprint.org/downloads/A03/A03224.xml.zip;eng000066
A03228;https://texts.earlyprint.org/downloads/A03/A03228.xml.zip;eng000067
A03229;https://texts.earlyprint.org/downloads/A03/A03229.xml.zip;eng000068
A03230;https://texts.earlyprint.org/downloads/A03/A03230.xml.zip;eng000069
A03233;https://texts.earlyprint.org/downloads/A03/A03233.xml.zip;eng000070
A03234;https://texts.earlyprint.org/downloads/A03/A03234.xml.zip;eng000071
A03235;https://texts.earlyprint.org/downloads/A03/A03235.xml.zip;eng000072
A03240;https://texts.earlyprint.org/downloads/A03/A03240.xml.zip;eng000073
A03242;https://texts.earlyprint.org/downloads/A03/A03242.xml.zip;eng000074
A03244;https://texts.earlyprint.org/downloads/A03/A03244.xml.zip;eng000075
A03248;https://texts.earlyprint.org/downloads/A03/A03248.xml.zip;eng000076
A03255;https://texts.earlyprint.org/downloads/A03/A03255.xml.zip;eng000077
A03256;https://texts.earlyprint.org/downloads/A03/A03256.xml.zip;eng000078
A03258;https://texts.earlyprint.org/downloads/A03/A03258.xml.zip;eng000079
A03405;https://texts.earlyprint.org/downloads/A03/A03405.xml.zip;eng000080
A03424;https://texts.earlyprint.org/downloads/A03/A03424.xml.zip;eng000081
A03496;https://texts.earlyprint.org/downloads/A03/A03496.xml.zip;eng000082
A03804;https://texts.earlyprint.org/downloads/A03/A03804.xml.zip;eng000083
A04206;https://texts.earlyprint.org/downloads/A04/A04206.xml.zip;eng000084
A04520;https://texts.earlyprint.org/downloads/A04/A04520.xml.zip;eng000085
A04539;https://texts.earlyprint.org/downloads/A04/A04539.xml.zip;eng000086
A04599;https://texts.earlyprint.org/downloads/A04/A04599.xml.zip;eng000087
A04600;https://texts.earlyprint.org/downloads/A04/A04600.xml.zip;eng000088
A04604;https://texts.earlyprint.org/downloads/A04/A04604.xml.zip;eng000089
A04632_00;https://texts.earlyprint.org/downloads/A04/A04632_00.xml.zip;eng000090
A04632_01;https://texts.earlyprint.org/downloads/A04/A04632_01.xml.zip;eng000091
A04632_02;https://texts.earlyprint.org/downloads/A04/A04632_02.xml.zip;eng000092
A04632_03;https://texts.earlyprint.org/downloads/A04/A04632_03.xml.zip;eng000093
A04632_04;https://texts.earlyprint.org/downloads/A04/A04632_04.xml.zip;eng000094
A04632_05;https://texts.earlyprint.org/downloads/A04/A04632_05.xml.zip;eng000095
A04632_06;https://texts.earlyprint.org/downloads/A04/A04632_06.xml.zip;eng000096
A04632_07;https://texts.earlyprint.org/downloads/A04/A04632_07.xml.zip;eng000097
A04632_08;https://texts.earlyprint.org/downloads/A04/A04632_08.xml.zip;eng000098
A04632_09;https://texts.earlyprint.org/downloads/A04/A04632_09.xml.zip;eng000099
A04632_13;https://texts.earlyprint.org/downloads/A04/A04632_13.xml.zip;eng000100
A04633_01;https://texts.earlyprint.org/downloads/A04/A04633_01.xml.zip;eng000101
A04633_03;https://texts.earlyprint.org/downloads/A04/A04633_03.xml.zip;eng000102
A04637_01;https://texts.earlyprint.org/downloads/A04/A04637_01.xml.zip;eng000103
A04638;https://texts.earlyprint.org/downloads/A04/A04638.xml.zip;eng000104
A04643;https://texts.earlyprint.org/downloads/A04/A04643.xml.zip;eng000105
A04644;https://texts.earlyprint.org/downloads/A04/A04644.xml.zip;eng000106
A04645;https://texts.earlyprint.org/downloads/A04/A04645.xml.zip;eng000107
A04648;https://texts.earlyprint.org/downloads/A04/A04648.xml.zip;eng000108
A04652;https://texts.earlyprint.org/downloads/A04/A04652.xml.zip;eng000109
A04654;https://texts.earlyprint.org/downloads/A04/A04654.xml.zip;eng000110
A04655;https://texts.earlyprint.org/downloads/A04/A04655.xml.zip;eng000111
A04656;https://texts.earlyprint.org/downloads/A04/A04656.xml.zip;eng000112
A04658;https://texts.earlyprint.org/downloads/A04/A04658.xml.zip;eng000113
A04824;https://texts.earlyprint.org/downloads/A04/A04824.xml.zip;eng000114
A04874;https://texts.earlyprint.org/downloads/A04/A04874.xml.zip;eng000115
A04881;https://texts.earlyprint.org/downloads/A04/A04881.xml.zip;eng000116
A04888;https://texts.earlyprint.org/downloads/A04/A04888.xml.zip;eng000117
A04896;https://texts.earlyprint.org/downloads/A04/A04896.xml.zip;eng000118
A04941;https://texts.earlyprint.org/downloads/A04/A04941.xml.zip;eng000119
A04942;https://texts.earlyprint.org/downloads/A04/A04942.xml.zip;eng000120
A04959;https://texts.earlyprint.org/downloads/A04/A04959.xml.zip;eng000121
A05206;https://texts.earlyprint.org/downloads/A05/A05206.xml.zip;eng000122
A05801;https://texts.earlyprint.org/downloads/A05/A05801.xml.zip;eng000123
A06150;https://texts.earlyprint.org/downloads/A06/A06150.xml.zip;eng000124
A06177;https://texts.earlyprint.org/downloads/A06/A06177.xml.zip;eng000125
A06184;https://texts.earlyprint.org/downloads/A06/A06184.xml.zip;eng000126
A06207;https://texts.earlyprint.org/downloads/A06/A06207.xml.zip;eng000127
A06252;https://texts.earlyprint.org/downloads/A06/A06252.xml.zip;eng000128
A06270;https://texts.earlyprint.org/downloads/A06/A06270.xml.zip;eng000129
A06289;https://texts.earlyprint.org/downloads/A06/A06289.xml.zip;eng000130
A06343;https://texts.earlyprint.org/downloads/A06/A06343.xml.zip;eng000131
A06389;https://texts.earlyprint.org/downloads/A06/A06389.xml.zip;eng000132
A06402;https://texts.earlyprint.org/downloads/A06/A06402.xml.zip;eng000133
A06453;https://texts.earlyprint.org/downloads/A06/A06453.xml.zip;eng000134
A06458;https://texts.earlyprint.org/downloads/A06/A06458.xml.zip;eng000135
A06480;https://texts.earlyprint.org/downloads/A06/A06480.xml.zip;eng000136
A06583;https://texts.earlyprint.org/downloads/A06/A06583.xml.zip;eng000137
A06589;https://texts.earlyprint.org/downloads/A06/A06589.xml.zip;eng000138
A06619;https://texts.earlyprint.org/downloads/A06/A06619.xml.zip;eng000139
A06620;https://texts.earlyprint.org/downloads/A06/A06620.xml.zip;eng000140
A06621;https://texts.earlyprint.org/downloads/A06/A06621.xml.zip;eng000141
A06622;https://texts.earlyprint.org/downloads/A06/A06622.xml.zip;eng000142
A06625;https://texts.earlyprint.org/downloads/A06/A06625.xml.zip;eng000143
A06629;https://texts.earlyprint.org/downloads/A06/A06629.xml.zip;eng000144
A06742;https://texts.earlyprint.org/downloads/A06/A06742.xml.zip;eng000145
A06982;https://texts.earlyprint.org/downloads/A06/A06982.xml.zip;eng000146
A06991;https://texts.earlyprint.org/downloads/A06/A06991.xml.zip;eng000147
A07003;https://texts.earlyprint.org/downloads/A07/A07003.xml.zip;eng000148
A07004;https://texts.earlyprint.org/downloads/A07/A07004.xml.zip;eng000149
A07009;https://texts.earlyprint.org/downloads/A07/A07009.xml.zip;eng000150
A07018;https://texts.earlyprint.org/downloads/A07/A07018.xml.zip;eng000151
A07023;https://texts.earlyprint.org/downloads/A07/A07023.xml.zip;eng000152
A07024;https://texts.earlyprint.org/downloads/A07/A07024.xml.zip;eng000153
A07025;https://texts.earlyprint.org/downloads/A07/A07025.xml.zip;eng000154
A07063;https://texts.earlyprint.org/downloads/A07/A07063.xml.zip;eng000155
A07064;https://texts.earlyprint.org/downloads/A07/A07064.xml.zip;eng000156
A07065;https://texts.earlyprint.org/downloads/A07/A07065.xml.zip;eng000157
A07067;https://texts.earlyprint.org/downloads/A07/A07067.xml.zip;eng000158
A07071;https://texts.earlyprint.org/downloads/A07/A07071.xml.zip;eng000159
A07077;https://texts.earlyprint.org/downloads/A07/A07077.xml.zip;eng000160
A07081;https://texts.earlyprint.org/downloads/A07/A07081.xml.zip;eng000161
A07083;https://texts.earlyprint.org/downloads/A07/A07083.xml.zip;eng000162
A07217;https://texts.earlyprint.org/downloads/A07/A07217.xml.zip;eng000163
A07234;https://texts.earlyprint.org/downloads/A07/A07234.xml.zip;eng000164
A07237;https://texts.earlyprint.org/downloads/A07/A07237.xml.zip;eng000165
A07238;https://texts.earlyprint.org/downloads/A07/A07238.xml.zip;eng000166
A07239;https://texts.earlyprint.org/downloads/A07/A07239.xml.zip;eng000167
A07240;https://texts.earlyprint.org/downloads/A07/A07240.xml.zip;eng000168
A07241;https://texts.earlyprint.org/downloads/A07/A07241.xml.zip;eng000169
A07245;https://texts.earlyprint.org/downloads/A07/A07245.xml.zip;eng000170
A07246;https://texts.earlyprint.org/downloads/A07/A07246.xml.zip;eng000171
A07247;https://texts.earlyprint.org/downloads/A07/A07247.xml.zip;eng000172
A07248;https://texts.earlyprint.org/downloads/A07/A07248.xml.zip;eng000173
A07249;https://texts.earlyprint.org/downloads/A07/A07249.xml.zip;eng000174
A07251;https://texts.earlyprint.org/downloads/A07/A07251.xml.zip;eng000175
A07326;https://texts.earlyprint.org/downloads/A07/A07326.xml.zip;eng000176
A07329;https://texts.earlyprint.org/downloads/A07/A07329.xml.zip;eng000177
A07330;https://texts.earlyprint.org/downloads/A07/A07330.xml.zip;eng000178
A07332;https://texts.earlyprint.org/downloads/A07/A07332.xml.zip;eng000179
A07367;https://texts.earlyprint.org/downloads/A07/A07367.xml.zip;eng000180
A07492;https://texts.earlyprint.org/downloads/A07/A07492.xml.zip;eng000181
A07493;https://texts.earlyprint.org/downloads/A07/A07493.xml.zip;eng000182
A07494;https://texts.earlyprint.org/downloads/A07/A07494.xml.zip;eng000183
A07495;https://texts.earlyprint.org/downloads/A07/A07495.xml.zip;eng000184
A07498;https://texts.earlyprint.org/downloads/A07/A07498.xml.zip;eng000185
A07502;https://texts.earlyprint.org/downloads/A07/A07502.xml.zip;eng000186
A07503;https://texts.earlyprint.org/downloads/A07/A07503.xml.zip;eng000187
A07504;https://texts.earlyprint.org/downloads/A07/A07504.xml.zip;eng000188
A07505;https://texts.earlyprint.org/downloads/A07/A07505.xml.zip;eng000189
A07507;https://texts.earlyprint.org/downloads/A07/A07507.xml.zip;eng000190
A07510;https://texts.earlyprint.org/downloads/A07/A07510.xml.zip;eng000191
A07511;https://texts.earlyprint.org/downloads/A07/A07511.xml.zip;eng000192
A07512;https://texts.earlyprint.org/downloads/A07/A07512.xml.zip;eng000193
A07513;https://texts.earlyprint.org/downloads/A07/A07513.xml.zip;eng000194
A07515;https://texts.earlyprint.org/downloads/A07/A07515.xml.zip;eng000195
A07516;https://texts.earlyprint.org/downloads/A07/A07516.xml.zip;eng000196
A07517;https://texts.earlyprint.org/downloads/A07/A07517.xml.zip;eng000197
A07518;https://texts.earlyprint.org/downloads/A07/A07518.xml.zip;eng000198
A07524;https://texts.earlyprint.org/downloads/A07/A07524.xml.zip;eng000199
A07525;https://texts.earlyprint.org/downloads/A07/A07525.xml.zip;eng000200
A07528;https://texts.earlyprint.org/downloads/A07/A07528.xml.zip;eng000201
A07555;https://texts.earlyprint.org/downloads/A07/A07555.xml.zip;eng000202
A07637;https://texts.earlyprint.org/downloads/A07/A07637.xml.zip;eng000203
A07895;https://texts.earlyprint.org/downloads/A07/A07895.xml.zip;eng000204
A07897;https://texts.earlyprint.org/downloads/A07/A07897.xml.zip;eng000205
A07903;https://texts.earlyprint.org/downloads/A07/A07903.xml.zip;eng000206
A07904;https://texts.earlyprint.org/downloads/A07/A07904.xml.zip;eng000207
A07906;https://texts.earlyprint.org/downloads/A07/A07906.xml.zip;eng000208
A07907;https://texts.earlyprint.org/downloads/A07/A07907.xml.zip;eng000209
A07970;https://texts.earlyprint.org/downloads/A07/A07970.xml.zip;eng000210
A07971;https://texts.earlyprint.org/downloads/A07/A07971.xml.zip;eng000211
A07974;https://texts.earlyprint.org/downloads/A07/A07974.xml.zip;eng000212
A07975;https://texts.earlyprint.org/downloads/A07/A07975.xml.zip;eng000213
A07978;https://texts.earlyprint.org/downloads/A07/A07978.xml.zip;eng000214
A07979;https://texts.earlyprint.org/downloads/A07/A07979.xml.zip;eng000215
A08009;https://texts.earlyprint.org/downloads/A08/A08009.xml.zip;eng000216
A08065;https://texts.earlyprint.org/downloads/A08/A08065.xml.zip;eng000217
A08262;https://texts.earlyprint.org/downloads/A08/A08262.xml.zip;eng000218
A08360;https://texts.earlyprint.org/downloads/A08/A08360.xml.zip;eng000219
A08469;https://texts.earlyprint.org/downloads/A08/A08469.xml.zip;eng000220
A08731;https://texts.earlyprint.org/downloads/A08/A08731.xml.zip;eng000221
A09134;https://texts.earlyprint.org/downloads/A09/A09134.xml.zip;eng000222
A09220;https://texts.earlyprint.org/downloads/A09/A09220.xml.zip;eng000223
A09221;https://texts.earlyprint.org/downloads/A09/A09221.xml.zip;eng000224
A09222;https://texts.earlyprint.org/downloads/A09/A09222.xml.zip;eng000225
A09224;https://texts.earlyprint.org/downloads/A09/A09224.xml.zip;eng000226
A09228;https://texts.earlyprint.org/downloads/A09/A09228.xml.zip;eng000227
A09232;https://texts.earlyprint.org/downloads/A09/A09232.xml.zip;eng000228
A09651;https://texts.earlyprint.org/downloads/A09/A09651.xml.zip;eng000229
A09857;https://texts.earlyprint.org/downloads/A09/A09857.xml.zip;eng000230
A10402;https://texts.earlyprint.org/downloads/A10/A10402.xml.zip;eng000231
A10407;https://texts.earlyprint.org/downloads/A10/A10407.xml.zip;eng000232
A10495;https://texts.earlyprint.org/downloads/A10/A10495.xml.zip;eng000233
A10730;https://texts.earlyprint.org/downloads/A10/A10730.xml.zip;eng000234
A11145;https://texts.earlyprint.org/downloads/A11/A11145.xml.zip;eng000235
A11146;https://texts.earlyprint.org/downloads/A11/A11146.xml.zip;eng000236
A11151;https://texts.earlyprint.org/downloads/A11/A11151.xml.zip;eng000237
A11152;https://texts.earlyprint.org/downloads/A11/A11152.xml.zip;eng000238
A11153;https://texts.earlyprint.org/downloads/A11/A11153.xml.zip;eng000239
A11155;https://texts.earlyprint.org/downloads/A11/A11155.xml.zip;eng000240
A11205;https://texts.earlyprint.org/downloads/A11/A11205.xml.zip;eng000241
A11262;https://texts.earlyprint.org/downloads/A11/A11262.xml.zip;eng000242
A11264;https://texts.earlyprint.org/downloads/A11/A11264.xml.zip;eng000243
A11265;https://texts.earlyprint.org/downloads/A11/A11265.xml.zip;eng000244
A11435;https://texts.earlyprint.org/downloads/A11/A11435.xml.zip;eng000245
A11909_00;https://texts.earlyprint.org/downloads/A11/A11909_00.xml.zip;eng000246
A11909_01;https://texts.earlyprint.org/downloads/A11/A11909_01.xml.zip;eng000247
A11909_02;https://texts.earlyprint.org/downloads/A11/A11909_02.xml.zip;eng000248
A11909_03;https://texts.earlyprint.org/downloads/A11/A11909_03.xml.zip;eng000249
A11909_04;https://texts.earlyprint.org/downloads/A11/A11909_04.xml.zip;eng000250
A11909_05;https://texts.earlyprint.org/downloads/A11/A11909_05.xml.zip;eng000251
A11909_06;https://texts.earlyprint.org/downloads/A11/A11909_06.xml.zip;eng000252
A11909_07;https://texts.earlyprint.org/downloads/A11/A11909_07.xml.zip;eng000253
A11909_08;https://texts.earlyprint.org/downloads/A11/A11909_08.xml.zip;eng000254
A11909_09;https://texts.earlyprint.org/downloads/A11/A11909_09.xml.zip;eng000255
A11909_10;https://texts.earlyprint.org/downloads/A11/A11909_10.xml.zip;eng000256
A12023;https://texts.earlyprint.org/downloads/A12/A12023.xml.zip;eng000257
A12024;https://texts.earlyprint.org/downloads/A12/A12024.xml.zip;eng000258
A12030;https://texts.earlyprint.org/downloads/A12/A12030.xml.zip;eng000259
A12074;https://texts.earlyprint.org/downloads/A12/A12074.xml.zip;eng000260
A12078;https://texts.earlyprint.org/downloads/A12/A12078.xml.zip;eng000261
A12127;https://texts.earlyprint.org/downloads/A12/A12127.xml.zip;eng000262
A12128;https://texts.earlyprint.org/downloads/A12/A12128.xml.zip;eng000263
A12129;https://texts.earlyprint.org/downloads/A12/A12129.xml.zip;eng000264
A12130;https://texts.earlyprint.org/downloads/A12/A12130.xml.zip;eng000265
A12131;https://texts.earlyprint.org/downloads/A12/A12131.xml.zip;eng000266
A12135;https://texts.earlyprint.org/downloads/A12/A12135.xml.zip;eng000267
A12136;https://texts.earlyprint.org/downloads/A12/A12136.xml.zip;eng000268
A12137;https://texts.earlyprint.org/downloads/A12/A12137.xml.zip;eng000269
A12140;https://texts.earlyprint.org/downloads/A12/A12140.xml.zip;eng000270
A12141;https://texts.earlyprint.org/downloads/A12/A12141.xml.zip;eng000271
A12142;https://texts.earlyprint.org/downloads/A12/A12142.xml.zip;eng000272
A12143;https://texts.earlyprint.org/downloads/A12/A12143.xml.zip;eng000273
A12145;https://texts.earlyprint.org/downloads/A12/A12145.xml.zip;eng000274
A12148;https://texts.earlyprint.org/downloads/A12/A12148.xml.zip;eng000275
A12149;https://texts.earlyprint.org/downloads/A12/A12149.xml.zip;eng000276
A12150;https://texts.earlyprint.org/downloads/A12/A12150.xml.zip;eng000277
A12151;https://texts.earlyprint.org/downloads/A12/A12151.xml.zip;eng000278
A12152;https://texts.earlyprint.org/downloads/A12/A12152.xml.zip;eng000279
A12154;https://texts.earlyprint.org/downloads/A12/A12154.xml.zip;eng000280
A12155;https://texts.earlyprint.org/downloads/A12/A12155.xml.zip;eng000281
A12157;https://texts.earlyprint.org/downloads/A12/A12157.xml.zip;eng000282
A12158;https://texts.earlyprint.org/downloads/A12/A12158.xml.zip;eng000283
A12548;https://texts.earlyprint.org/downloads/A12/A12548.xml.zip;eng000284
A12578;https://texts.earlyprint.org/downloads/A12/A12578.xml.zip;eng000285
A12954;https://texts.earlyprint.org/downloads/A12/A12954.xml.zip;eng000286
A12969;https://texts.earlyprint.org/downloads/A12/A12969.xml.zip;eng000287
A13062;https://texts.earlyprint.org/downloads/A13/A13062.xml.zip;eng000288
A13125;https://texts.earlyprint.org/downloads/A13/A13125.xml.zip;eng000289
A13345;https://texts.earlyprint.org/downloads/A13/A13345.xml.zip;eng000290
A13358;https://texts.earlyprint.org/downloads/A13/A13358.xml.zip;eng000291
A13611;https://texts.earlyprint.org/downloads/A13/A13611.xml.zip;eng000292
A13613;https://texts.earlyprint.org/downloads/A13/A13613.xml.zip;eng000293
A13802;https://texts.earlyprint.org/downloads/A13/A13802.xml.zip;eng000294
A13840;https://texts.earlyprint.org/downloads/A13/A13840.xml.zip;eng000295
A13843;https://texts.earlyprint.org/downloads/A13/A13843.xml.zip;eng000296
A13846;https://texts.earlyprint.org/downloads/A13/A13846.xml.zip;eng000297
A13848;https://texts.earlyprint.org/downloads/A13/A13848.xml.zip;eng000298
A14193;https://texts.earlyprint.org/downloads/A14/A14193.xml.zip;eng000299
A14599;https://texts.earlyprint.org/downloads/A14/A14599.xml.zip;eng000300
A14715;https://texts.earlyprint.org/downloads/A14/A14715.xml.zip;eng000301
A14869;https://texts.earlyprint.org/downloads/A14/A14869.xml.zip;eng000302
A14871;https://texts.earlyprint.org/downloads/A14/A14871.xml.zip;eng000303
A14872;https://texts.earlyprint.org/downloads/A14/A14872.xml.zip;eng000304
A14875;https://texts.earlyprint.org/downloads/A14/A14875.xml.zip;eng000305
A15352;https://texts.earlyprint.org/downloads/A15/A15352.xml.zip;eng000306
A15498;https://texts.earlyprint.org/downloads/A15/A15498.xml.zip;eng000307
A15515;https://texts.earlyprint.org/downloads/A15/A15515.xml.zip;eng000308
A15516;https://texts.earlyprint.org/downloads/A15/A15516.xml.zip;eng000309
A15517;https://texts.earlyprint.org/downloads/A15/A15517.xml.zip;eng000310
A15519;https://texts.earlyprint.org/downloads/A15/A15519.xml.zip;eng000311
A15549;https://texts.earlyprint.org/downloads/A15/A15549.xml.zip;eng000312
A15814;https://texts.earlyprint.org/downloads/A15/A15814.xml.zip;eng000313
A15873;https://texts.earlyprint.org/downloads/A15/A15873.xml.zip;eng000314
A16527_01;https://texts.earlyprint.org/downloads/A16/A16527_01.xml.zip;eng000315
A16527_02;https://texts.earlyprint.org/downloads/A16/A16527_02.xml.zip;eng000316
A16527_03;https://texts.earlyprint.org/downloads/A16/A16527_03.xml.zip;eng000317
A16527_04;https://texts.earlyprint.org/downloads/A16/A16527_04.xml.zip;eng000318
A16923;https://texts.earlyprint.org/downloads/A16/A16923.xml.zip;eng000319
A16924;https://texts.earlyprint.org/downloads/A16/A16924.xml.zip;eng000320
A16927;https://texts.earlyprint.org/downloads/A16/A16927.xml.zip;eng000321
A17460;https://texts.earlyprint.org/downloads/A17/A17460.xml.zip;eng000322
A17871;https://texts.earlyprint.org/downloads/A17/A17871.xml.zip;eng000323
A17872;https://texts.earlyprint.org/downloads/A17/A17872.xml.zip;eng000324
A17956;https://texts.earlyprint.org/downloads/A17/A17956.xml.zip;eng000325
A17968;https://texts.earlyprint.org/downloads/A17/A17968.xml.zip;eng000326
A18083;https://texts.earlyprint.org/downloads/A18/A18083.xml.zip;eng000327
A18331;https://texts.earlyprint.org/downloads/A18/A18331.xml.zip;eng000328
A18374;https://texts.earlyprint.org/downloads/A18/A18374.xml.zip;eng000329
A18400;https://texts.earlyprint.org/downloads/A18/A18400.xml.zip;eng000330
A18402;https://texts.earlyprint.org/downloads/A18/A18402.xml.zip;eng000331
A18403;https://texts.earlyprint.org/downloads/A18/A18403.xml.zip;eng000332
A18404_01;https://texts.earlyprint.org/downloads/A18/A18404_01.xml.zip;eng000333
A18404_02;https://texts.earlyprint.org/downloads/A18/A18404_02.xml.zip;eng000334
A18407;https://texts.earlyprint.org/downloads/A18/A18407.xml.zip;eng000335
A18413;https://texts.earlyprint.org/downloads/A18/A18413.xml.zip;eng000336
A18415;https://texts.earlyprint.org/downloads/A18/A18415.xml.zip;eng000337
A18416;https://texts.earlyprint.org/downloads/A18/A18416.xml.zip;eng000338
A18419;https://texts.earlyprint.org/downloads/A18/A18419.xml.zip;eng000339
A18421;https://texts.earlyprint.org/downloads/A18/A18421.xml.zip;eng000340
A18423;https://texts.earlyprint.org/downloads/A18/A18423.xml.zip;eng000341
A18425;https://texts.earlyprint.org/downloads/A18/A18425.xml.zip;eng000342
A18426;https://texts.earlyprint.org/downloads/A18/A18426.xml.zip;eng000343
A18427;https://texts.earlyprint.org/downloads/A18/A18427.xml.zip;eng000344
A18463;https://texts.earlyprint.org/downloads/A18/A18463.xml.zip;eng000345
A18589;https://texts.earlyprint.org/downloads/A18/A18589.xml.zip;eng000346
A18596;https://texts.earlyprint.org/downloads/A18/A18596.xml.zip;eng000347
A18729;https://texts.earlyprint.org/downloads/A18/A18729.xml.zip;eng000348
A19182;https://texts.earlyprint.org/downloads/A19/A19182.xml.zip;eng000349
A19183;https://texts.earlyprint.org/downloads/A19/A19183.xml.zip;eng000350
A19260;https://texts.earlyprint.org/downloads/A19/A19260.xml.zip;eng000351
A19346;https://texts.earlyprint.org/downloads/A19/A19346.xml.zip;eng000352
A19347;https://texts.earlyprint.org/downloads/A19/A19347.xml.zip;eng000353
A19479;https://texts.earlyprint.org/downloads/A19/A19479.xml.zip;eng000354
A19738;https://texts.earlyprint.org/downloads/A19/A19738.xml.zip;eng000355
A19750;https://texts.earlyprint.org/downloads/A19/A19750.xml.zip;eng000356
A19755;https://texts.earlyprint.org/downloads/A19/A19755.xml.zip;eng000357
A19757;https://texts.earlyprint.org/downloads/A19/A19757.xml.zip;eng000358
A19812_03;https://texts.earlyprint.org/downloads/A19/A19812_03.xml.zip;eng000359
A19816_03;https://texts.earlyprint.org/downloads/A19/A19816_03.xml.zip;eng000360
A19829;https://texts.earlyprint.org/downloads/A19/A19829.xml.zip;eng000361
A19835;https://texts.earlyprint.org/downloads/A19/A19835.xml.zip;eng000362
A19837;https://texts.earlyprint.org/downloads/A19/A19837.xml.zip;eng000363
A19876;https://texts.earlyprint.org/downloads/A19/A19876.xml.zip;eng000364
A19877;https://texts.earlyprint.org/downloads/A19/A19877.xml.zip;eng000365
A19880;https://texts.earlyprint.org/downloads/A19/A19880.xml.zip;eng000366
A19881;https://texts.earlyprint.org/downloads/A19/A19881.xml.zip;eng000367
A19882;https://texts.earlyprint.org/downloads/A19/A19882.xml.zip;eng000368
A19883;https://texts.earlyprint.org/downloads/A19/A19883.xml.zip;eng000369
A19888;https://texts.earlyprint.org/downloads/A19/A19888.xml.zip;eng000370
A19975;https://texts.earlyprint.org/downloads/A19/A19975.xml.zip;eng000371
A19976;https://texts.earlyprint.org/downloads/A19/A19976.xml.zip;eng000372
A19977;https://texts.earlyprint.org/downloads/A19/A19977.xml.zip;eng000373
A19978;https://texts.earlyprint.org/downloads/A19/A19978.xml.zip;eng000374
A20053;https://texts.earlyprint.org/downloads/A20/A20053.xml.zip;eng000375
A20062;https://texts.earlyprint.org/downloads/A20/A20062.xml.zip;eng000376
A20065;https://texts.earlyprint.org/downloads/A20/A20065.xml.zip;eng000377
A20066;https://texts.earlyprint.org/downloads/A20/A20066.xml.zip;eng000378
A20069;https://texts.earlyprint.org/downloads/A20/A20069.xml.zip;eng000379
A20076;https://texts.earlyprint.org/downloads/A20/A20076.xml.zip;eng000380
A20077;https://texts.earlyprint.org/downloads/A20/A20077.xml.zip;eng000381
A20081;https://texts.earlyprint.org/downloads/A20/A20081.xml.zip;eng000382
A20083;https://texts.earlyprint.org/downloads/A20/A20083.xml.zip;eng000383
A20088;https://texts.earlyprint.org/downloads/A20/A20088.xml.zip;eng000384
A20090;https://texts.earlyprint.org/downloads/A20/A20090.xml.zip;eng000385
A20092;https://texts.earlyprint.org/downloads/A20/A20092.xml.zip;eng000386
A20093;https://texts.earlyprint.org/downloads/A20/A20093.xml.zip;eng000387
A20096;https://texts.earlyprint.org/downloads/A20/A20096.xml.zip;eng000388
A20098;https://texts.earlyprint.org/downloads/A20/A20098.xml.zip;eng000389
A20100;https://texts.earlyprint.org/downloads/A20/A20100.xml.zip;eng000390
A20866;https://texts.earlyprint.org/downloads/A20/A20866.xml.zip;eng000391
A20867;https://texts.earlyprint.org/downloads/A20/A20867.xml.zip;eng000392
A20951;https://texts.earlyprint.org/downloads/A20/A20951.xml.zip;eng000393
A21136;https://texts.earlyprint.org/downloads/A21/A21136.xml.zip;eng000394
A21144;https://texts.earlyprint.org/downloads/A21/A21144.xml.zip;eng000395
A21238;https://texts.earlyprint.org/downloads/A21/A21238.xml.zip;eng000396
A21328;https://texts.earlyprint.org/downloads/A21/A21328.xml.zip;eng000397
A21411;https://texts.earlyprint.org/downloads/A21/A21411.xml.zip;eng000398
A25278;https://texts.earlyprint.org/downloads/A25/A25278.xml.zip;eng000399
A25891;https://texts.earlyprint.org/downloads/A25/A25891.xml.zip;eng000400
A27177_00;https://texts.earlyprint.org/downloads/A27/A27177_00.xml.zip;eng000401
A27177_01;https://texts.earlyprint.org/downloads/A27/A27177_01.xml.zip;eng000402
A27177_02;https://texts.earlyprint.org/downloads/A27/A27177_02.xml.zip;eng000403
A27177_03;https://texts.earlyprint.org/downloads/A27/A27177_03.xml.zip;eng000404
A27177_04;https://texts.earlyprint.org/downloads/A27/A27177_04.xml.zip;eng000405
A27177_05;https://texts.earlyprint.org/downloads/A27/A27177_05.xml.zip;eng000406
A27177_06;https://texts.earlyprint.org/downloads/A27/A27177_06.xml.zip;eng000407
A27177_07;https://texts.earlyprint.org/downloads/A27/A27177_07.xml.zip;eng000408
A27177_08;https://texts.earlyprint.org/downloads/A27/A27177_08.xml.zip;eng000409
A27177_09;https://texts.earlyprint.org/downloads/A27/A27177_09.xml.zip;eng000410
A27177_10;https://texts.earlyprint.org/downloads/A27/A27177_10.xml.zip;eng000411
A27177_11;https://texts.earlyprint.org/downloads/A27/A27177_11.xml.zip;eng000412
A27177_12;https://texts.earlyprint.org/downloads/A27/A27177_12.xml.zip;eng000413
A27177_13;https://texts.earlyprint.org/downloads/A27/A27177_13.xml.zip;eng000414
A27177_14;https://texts.earlyprint.org/downloads/A27/A27177_14.xml.zip;eng000415
A27177_15;https://texts.earlyprint.org/downloads/A27/A27177_15.xml.zip;eng000416
A27177_16;https://texts.earlyprint.org/downloads/A27/A27177_16.xml.zip;eng000417
A27177_17;https://texts.earlyprint.org/downloads/A27/A27177_17.xml.zip;eng000418
A27177_18;https://texts.earlyprint.org/downloads/A27/A27177_18.xml.zip;eng000419
A27177_19;https://texts.earlyprint.org/downloads/A27/A27177_19.xml.zip;eng000420
A27177_20;https://texts.earlyprint.org/downloads/A27/A27177_20.xml.zip;eng000421
A27177_21;https://texts.earlyprint.org/downloads/A27/A27177_21.xml.zip;eng000422
A27177_22;https://texts.earlyprint.org/downloads/A27/A27177_22.xml.zip;eng000423
A27177_23;https://texts.earlyprint.org/downloads/A27/A27177_23.xml.zip;eng000424
A27177_24;https://texts.earlyprint.org/downloads/A27/A27177_24.xml.zip;eng000425
A27177_25;https://texts.earlyprint.org/downloads/A27/A27177_25.xml.zip;eng000426
A27177_26;https://texts.earlyprint.org/downloads/A27/A27177_26.xml.zip;eng000427
A27177_27;https://texts.earlyprint.org/downloads/A27/A27177_27.xml.zip;eng000428
A27177_28;https://texts.earlyprint.org/downloads/A27/A27177_28.xml.zip;eng000429
A27177_29;https://texts.earlyprint.org/downloads/A27/A27177_29.xml.zip;eng000430
A27177_30;https://texts.earlyprint.org/downloads/A27/A27177_30.xml.zip;eng000431
A27177_31;https://texts.earlyprint.org/downloads/A27/A27177_31.xml.zip;eng000432
A27177_32;https://texts.earlyprint.org/downloads/A27/A27177_32.xml.zip;eng000433
A27177_33;https://texts.earlyprint.org/downloads/A27/A27177_33.xml.zip;eng000434
A27177_35;https://texts.earlyprint.org/downloads/A27/A27177_35.xml.zip;eng000435
A27180;https://texts.earlyprint.org/downloads/A27/A27180.xml.zip;eng000436
A27197;https://texts.earlyprint.org/downloads/A27/A27197.xml.zip;eng000437
A27203;https://texts.earlyprint.org/downloads/A27/A27203.xml.zip;eng000438
A27204;https://texts.earlyprint.org/downloads/A27/A27204.xml.zip;eng000439
A27247;https://texts.earlyprint.org/downloads/A27/A27247.xml.zip;eng000440
A27277;https://texts.earlyprint.org/downloads/A27/A27277.xml.zip;eng000441
A27279;https://texts.earlyprint.org/downloads/A27/A27279.xml.zip;eng000442
A27280;https://texts.earlyprint.org/downloads/A27/A27280.xml.zip;eng000443
A27287;https://texts.earlyprint.org/downloads/A27/A27287.xml.zip;eng000444
A27288;https://texts.earlyprint.org/downloads/A27/A27288.xml.zip;eng000445
A27291;https://texts.earlyprint.org/downloads/A27/A27291.xml.zip;eng000446
A27293;https://texts.earlyprint.org/downloads/A27/A27293.xml.zip;eng000447
A27294;https://texts.earlyprint.org/downloads/A27/A27294.xml.zip;eng000448
A27303;https://texts.earlyprint.org/downloads/A27/A27303.xml.zip;eng000449
A27320;https://texts.earlyprint.org/downloads/A27/A27320.xml.zip;eng000450
A27322;https://texts.earlyprint.org/downloads/A27/A27322.xml.zip;eng000451
A27331;https://texts.earlyprint.org/downloads/A27/A27331.xml.zip;eng000452
A27373;https://texts.earlyprint.org/downloads/A27/A27373.xml.zip;eng000453
A27551;https://texts.earlyprint.org/downloads/A27/A27551.xml.zip;eng000454
A28408;https://texts.earlyprint.org/downloads/A28/A28408.xml.zip;eng000455
A28808;https://texts.earlyprint.org/downloads/A28/A28808.xml.zip;eng000456
A28902;https://texts.earlyprint.org/downloads/A28/A28902.xml.zip;eng000457
A29152;https://texts.earlyprint.org/downloads/A29/A29152.xml.zip;eng000458
A29238;https://texts.earlyprint.org/downloads/A29/A29238.xml.zip;eng000459
A29360;https://texts.earlyprint.org/downloads/A29/A29360.xml.zip;eng000460
A29556;https://texts.earlyprint.org/downloads/A29/A29556.xml.zip;eng000461
A29620;https://texts.earlyprint.org/downloads/A29/A29620.xml.zip;eng000462
A29634;https://texts.earlyprint.org/downloads/A29/A29634.xml.zip;eng000463
A29635;https://texts.earlyprint.org/downloads/A29/A29635.xml.zip;eng000464
A29636;https://texts.earlyprint.org/downloads/A29/A29636.xml.zip;eng000465
A29637;https://texts.earlyprint.org/downloads/A29/A29637.xml.zip;eng000466
A29644;https://texts.earlyprint.org/downloads/A29/A29644.xml.zip;eng000467
A29785;https://texts.earlyprint.org/downloads/A29/A29785.xml.zip;eng000468
A29987;https://texts.earlyprint.org/downloads/A29/A29987.xml.zip;eng000469
A30312;https://texts.earlyprint.org/downloads/A30/A30312.xml.zip;eng000470
A30315;https://texts.earlyprint.org/downloads/A30/A30315.xml.zip;eng000471
A30781;https://texts.earlyprint.org/downloads/A30/A30781.xml.zip;eng000472
A30788;https://texts.earlyprint.org/downloads/A30/A30788.xml.zip;eng000473
A30789;https://texts.earlyprint.org/downloads/A30/A30789.xml.zip;eng000474
A30838;https://texts.earlyprint.org/downloads/A30/A30838.xml.zip;eng000475
A30839;https://texts.earlyprint.org/downloads/A30/A30839.xml.zip;eng000476
A30840;https://texts.earlyprint.org/downloads/A30/A30840.xml.zip;eng000477
A30841;https://texts.earlyprint.org/downloads/A30/A30841.xml.zip;eng000478
A30845;https://texts.earlyprint.org/downloads/A30/A30845.xml.zip;eng000479
A30847;https://texts.earlyprint.org/downloads/A30/A30847.xml.zip;eng000480
A31023;https://texts.earlyprint.org/downloads/A31/A31023.xml.zip;eng000481
A31469;https://texts.earlyprint.org/downloads/A31/A31469.xml.zip;eng000482
A31614;https://texts.earlyprint.org/downloads/A31/A31614.xml.zip;eng000483
A31672;https://texts.earlyprint.org/downloads/A31/A31672.xml.zip;eng000484
A31675;https://texts.earlyprint.org/downloads/A31/A31675.xml.zip;eng000485
A33146;https://texts.earlyprint.org/downloads/A33/A33146.xml.zip;eng000486
A33351;https://texts.earlyprint.org/downloads/A33/A33351.xml.zip;eng000487
A33540;https://texts.earlyprint.org/downloads/A33/A33540.xml.zip;eng000488
A33541;https://texts.earlyprint.org/downloads/A33/A33541.xml.zip;eng000489
A34299;https://texts.earlyprint.org/downloads/A34/A34299.xml.zip;eng000490
A34306;https://texts.earlyprint.org/downloads/A34/A34306.xml.zip;eng000491
A34327;https://texts.earlyprint.org/downloads/A34/A34327.xml.zip;eng000492
A34338;https://texts.earlyprint.org/downloads/A34/A34338.xml.zip;eng000493
A34526;https://texts.earlyprint.org/downloads/A34/A34526.xml.zip;eng000494
A34564;https://texts.earlyprint.org/downloads/A34/A34564.xml.zip;eng000495
A34581;https://texts.earlyprint.org/downloads/A34/A34581.xml.zip;eng000496
A34583;https://texts.earlyprint.org/downloads/A34/A34583.xml.zip;eng000497
A34585;https://texts.earlyprint.org/downloads/A34/A34585.xml.zip;eng000498
A34588;https://texts.earlyprint.org/downloads/A34/A34588.xml.zip;eng000499
A34590;https://texts.earlyprint.org/downloads/A34/A34590.xml.zip;eng000500
A34817;https://texts.earlyprint.org/downloads/A34/A34817.xml.zip;eng000501
A34947;https://texts.earlyprint.org/downloads/A34/A34947.xml.zip;eng000502
A34999;https://texts.earlyprint.org/downloads/A34/A34999.xml.zip;eng000503
A35271;https://texts.earlyprint.org/downloads/A35/A35271.xml.zip;eng000504
A35279;https://texts.earlyprint.org/downloads/A35/A35279.xml.zip;eng000505
A35280;https://texts.earlyprint.org/downloads/A35/A35280.xml.zip;eng000506
A35284;https://texts.earlyprint.org/downloads/A35/A35284.xml.zip;eng000507
A35287;https://texts.earlyprint.org/downloads/A35/A35287.xml.zip;eng000508
A35289;https://texts.earlyprint.org/downloads/A35/A35289.xml.zip;eng000509
A35297;https://texts.earlyprint.org/downloads/A35/A35297.xml.zip;eng000510
A35299;https://texts.earlyprint.org/downloads/A35/A35299.xml.zip;eng000511
A35321;https://texts.earlyprint.org/downloads/A35/A35321.xml.zip;eng000512
A35337;https://texts.earlyprint.org/downloads/A35/A35337.xml.zip;eng000513
A35657;https://texts.earlyprint.org/downloads/A35/A35657.xml.zip;eng000514
A35670;https://texts.earlyprint.org/downloads/A35/A35670.xml.zip;eng000515
A35680;https://texts.earlyprint.org/downloads/A35/A35680.xml.zip;eng000516
A36011;https://texts.earlyprint.org/downloads/A36/A36011.xml.zip;eng000517
A36266;https://texts.earlyprint.org/downloads/A36/A36266.xml.zip;eng000518
A36513;https://texts.earlyprint.org/downloads/A36/A36513.xml.zip;eng000519
A36588;https://texts.earlyprint.org/downloads/A36/A36588.xml.zip;eng000520
A36594;https://texts.earlyprint.org/downloads/A36/A36594.xml.zip;eng000521
A36600;https://texts.earlyprint.org/downloads/A36/A36600.xml.zip;eng000522
A36602;https://texts.earlyprint.org/downloads/A36/A36602.xml.zip;eng000523
A36609;https://texts.earlyprint.org/downloads/A36/A36609.xml.zip;eng000524
A36622;https://texts.earlyprint.org/downloads/A36/A36622.xml.zip;eng000525
A36641;https://texts.earlyprint.org/downloads/A36/A36641.xml.zip;eng000526
A36645;https://texts.earlyprint.org/downloads/A36/A36645.xml.zip;eng000527
A36653;https://texts.earlyprint.org/downloads/A36/A36653.xml.zip;eng000528
A36657;https://texts.earlyprint.org/downloads/A36/A36657.xml.zip;eng000529
A36685;https://texts.earlyprint.org/downloads/A36/A36685.xml.zip;eng000530
A36692;https://texts.earlyprint.org/downloads/A36/A36692.xml.zip;eng000531
A36695;https://texts.earlyprint.org/downloads/A36/A36695.xml.zip;eng000532
A36704;https://texts.earlyprint.org/downloads/A36/A36704.xml.zip;eng000533
A36708;https://texts.earlyprint.org/downloads/A36/A36708.xml.zip;eng000534
A36717;https://texts.earlyprint.org/downloads/A36/A36717.xml.zip;eng000535
A36755;https://texts.earlyprint.org/downloads/A36/A36755.xml.zip;eng000536
A36756;https://texts.earlyprint.org/downloads/A36/A36756.xml.zip;eng000537
A36757;https://texts.earlyprint.org/downloads/A36/A36757.xml.zip;eng000538
A36759;https://texts.earlyprint.org/downloads/A36/A36759.xml.zip;eng000539
A36762;https://texts.earlyprint.org/downloads/A36/A36762.xml.zip;eng000540
A36965;https://texts.earlyprint.org/downloads/A36/A36965.xml.zip;eng000541
A36966;https://texts.earlyprint.org/downloads/A36/A36966.xml.zip;eng000542
A36973;https://texts.earlyprint.org/downloads/A36/A36973.xml.zip;eng000543
A36975;https://texts.earlyprint.org/downloads/A36/A36975.xml.zip;eng000544
A36978;https://texts.earlyprint.org/downloads/A36/A36978.xml.zip;eng000545
A36979;https://texts.earlyprint.org/downloads/A36/A36979.xml.zip;eng000546
A36983;https://texts.earlyprint.org/downloads/A36/A36983.xml.zip;eng000547
A36984;https://texts.earlyprint.org/downloads/A36/A36984.xml.zip;eng000548
A36986;https://texts.earlyprint.org/downloads/A36/A36986.xml.zip;eng000549
A36994;https://texts.earlyprint.org/downloads/A36/A36994.xml.zip;eng000550
A37000;https://texts.earlyprint.org/downloads/A37/A37000.xml.zip;eng000551
A37011;https://texts.earlyprint.org/downloads/A37/A37011.xml.zip;eng000552
A37013;https://texts.earlyprint.org/downloads/A37/A37013.xml.zip;eng000553
A37023;https://texts.earlyprint.org/downloads/A37/A37023.xml.zip;eng000554
A37025;https://texts.earlyprint.org/downloads/A37/A37025.xml.zip;eng000555
A37158;https://texts.earlyprint.org/downloads/A37/A37158.xml.zip;eng000556
A37187;https://texts.earlyprint.org/downloads/A37/A37187.xml.zip;eng000557
A37285;https://texts.earlyprint.org/downloads/A37/A37285.xml.zip;eng000558
A37724;https://texts.earlyprint.org/downloads/A37/A37724.xml.zip;eng000559
A38208;https://texts.earlyprint.org/downloads/A38/A38208.xml.zip;eng000560
A38689;https://texts.earlyprint.org/downloads/A38/A38689.xml.zip;eng000561
A39384;https://texts.earlyprint.org/downloads/A39/A39384.xml.zip;eng000562
A39704;https://texts.earlyprint.org/downloads/A39/A39704.xml.zip;eng000563
A39712;https://texts.earlyprint.org/downloads/A39/A39712.xml.zip;eng000564
A39719;https://texts.earlyprint.org/downloads/A39/A39719.xml.zip;eng000565
A39799;https://texts.earlyprint.org/downloads/A39/A39799.xml.zip;eng000566
A39805;https://texts.earlyprint.org/downloads/A39/A39805.xml.zip;eng000567
A39812;https://texts.earlyprint.org/downloads/A39/A39812.xml.zip;eng000568
A39898;https://texts.earlyprint.org/downloads/A39/A39898.xml.zip;eng000569
A40793;https://texts.earlyprint.org/downloads/A40/A40793.xml.zip;eng000570
A40870;https://texts.earlyprint.org/downloads/A40/A40870.xml.zip;eng000571
A40875;https://texts.earlyprint.org/downloads/A40/A40875.xml.zip;eng000572
A40946;https://texts.earlyprint.org/downloads/A40/A40946.xml.zip;eng000573
A40958;https://texts.earlyprint.org/downloads/A40/A40958.xml.zip;eng000574
A40960;https://texts.earlyprint.org/downloads/A40/A40960.xml.zip;eng000575
A41366;https://texts.earlyprint.org/downloads/A41/A41366.xml.zip;eng000576
A41700;https://texts.earlyprint.org/downloads/A41/A41700.xml.zip;eng000577
A41993;https://texts.earlyprint.org/downloads/A41/A41993.xml.zip;eng000578
A42281;https://texts.earlyprint.org/downloads/A42/A42281.xml.zip;eng000579
A43595;https://texts.earlyprint.org/downloads/A43/A43595.xml.zip;eng000580
A43729;https://texts.earlyprint.org/downloads/A43/A43729.xml.zip;eng000581
A43744;https://texts.earlyprint.org/downloads/A43/A43744.xml.zip;eng000582
A44429;https://texts.earlyprint.org/downloads/A44/A44429.xml.zip;eng000583
A44624;https://texts.earlyprint.org/downloads/A44/A44624.xml.zip;eng000584
A44628;https://texts.earlyprint.org/downloads/A44/A44628.xml.zip;eng000585
A44629;https://texts.earlyprint.org/downloads/A44/A44629.xml.zip;eng000586
A44630;https://texts.earlyprint.org/downloads/A44/A44630.xml.zip;eng000587
A44632;https://texts.earlyprint.org/downloads/A44/A44632.xml.zip;eng000588
A44633;https://texts.earlyprint.org/downloads/A44/A44633.xml.zip;eng000589
A45225;https://texts.earlyprint.org/downloads/A45/A45225.xml.zip;eng000590
A45649;https://texts.earlyprint.org/downloads/A45/A45649.xml.zip;eng000591
A45651;https://texts.earlyprint.org/downloads/A45/A45651.xml.zip;eng000592
A46228;https://texts.earlyprint.org/downloads/A46/A46228.xml.zip;eng000593
A46230;https://texts.earlyprint.org/downloads/A46/A46230.xml.zip;eng000594
A46246;https://texts.earlyprint.org/downloads/A46/A46246.xml.zip;eng000595
A46248;https://texts.earlyprint.org/downloads/A46/A46248.xml.zip;eng000596
A46249;https://texts.earlyprint.org/downloads/A46/A46249.xml.zip;eng000597
A46255;https://texts.earlyprint.org/downloads/A46/A46255.xml.zip;eng000598
A46257;https://texts.earlyprint.org/downloads/A46/A46257.xml.zip;eng000599
A46276;https://texts.earlyprint.org/downloads/A46/A46276.xml.zip;eng000600
A46278;https://texts.earlyprint.org/downloads/A46/A46278.xml.zip;eng000601
A46869;https://texts.earlyprint.org/downloads/A46/A46869.xml.zip;eng000602
A47372_01;https://texts.earlyprint.org/downloads/A47/A47372_01.xml.zip;eng000603
A47372_02;https://texts.earlyprint.org/downloads/A47/A47372_02.xml.zip;eng000604
A47372_10;https://texts.earlyprint.org/downloads/A47/A47372_10.xml.zip;eng000605
A47372_11;https://texts.earlyprint.org/downloads/A47/A47372_11.xml.zip;eng000606
A47382;https://texts.earlyprint.org/downloads/A47/A47382.xml.zip;eng000607
A48031;https://texts.earlyprint.org/downloads/A48/A48031.xml.zip;eng000608
A48039;https://texts.earlyprint.org/downloads/A48/A48039.xml.zip;eng000609
A48052;https://texts.earlyprint.org/downloads/A48/A48052.xml.zip;eng000610
A48059;https://texts.earlyprint.org/downloads/A48/A48059.xml.zip;eng000611
A49479;https://texts.earlyprint.org/downloads/A49/A49479.xml.zip;eng000612
A49572;https://texts.earlyprint.org/downloads/A49/A49572.xml.zip;eng000613
A49573;https://texts.earlyprint.org/downloads/A49/A49573.xml.zip;eng000614
A49875;https://texts.earlyprint.org/downloads/A49/A49875.xml.zip;eng000615
A49877;https://texts.earlyprint.org/downloads/A49/A49877.xml.zip;eng000616
A49922;https://texts.earlyprint.org/downloads/A49/A49922.xml.zip;eng000617
A49924;https://texts.earlyprint.org/downloads/A49/A49924.xml.zip;eng000618
A49925;https://texts.earlyprint.org/downloads/A49/A49925.xml.zip;eng000619
A49928;https://texts.earlyprint.org/downloads/A49/A49928.xml.zip;eng000620
A49929;https://texts.earlyprint.org/downloads/A49/A49929.xml.zip;eng000621
A49930;https://texts.earlyprint.org/downloads/A49/A49930.xml.zip;eng000622
A49933;https://texts.earlyprint.org/downloads/A49/A49933.xml.zip;eng000623
A49935;https://texts.earlyprint.org/downloads/A49/A49935.xml.zip;eng000624
A49940;https://texts.earlyprint.org/downloads/A49/A49940.xml.zip;eng000625
A49947;https://texts.earlyprint.org/downloads/A49/A49947.xml.zip;eng000626
A49952;https://texts.earlyprint.org/downloads/A49/A49952.xml.zip;eng000627
A50090;https://texts.earlyprint.org/downloads/A50/A50090.xml.zip;eng000628
A50091;https://texts.earlyprint.org/downloads/A50/A50091.xml.zip;eng000629
A50093_01;https://texts.earlyprint.org/downloads/A50/A50093_01.xml.zip;eng000630
A50093_02;https://texts.earlyprint.org/downloads/A50/A50093_02.xml.zip;eng000631
A50093_03;https://texts.earlyprint.org/downloads/A50/A50093_03.xml.zip;eng000632
A50360;https://texts.earlyprint.org/downloads/A50/A50360.xml.zip;eng000633
A50787;https://texts.earlyprint.org/downloads/A50/A50787.xml.zip;eng000634
A50789;https://texts.earlyprint.org/downloads/A50/A50789.xml.zip;eng000635
A50792;https://texts.earlyprint.org/downloads/A50/A50792.xml.zip;eng000636
A50793;https://texts.earlyprint.org/downloads/A50/A50793.xml.zip;eng000637
A50796;https://texts.earlyprint.org/downloads/A50/A50796.xml.zip;eng000638
A50799_01;https://texts.earlyprint.org/downloads/A50/A50799_01.xml.zip;eng000639
A50799_02;https://texts.earlyprint.org/downloads/A50/A50799_02.xml.zip;eng000640
A51115;https://texts.earlyprint.org/downloads/A51/A51115.xml.zip;eng000641
A51422;https://texts.earlyprint.org/downloads/A51/A51422.xml.zip;eng000642
A51496;https://texts.earlyprint.org/downloads/A51/A51496.xml.zip;eng000643
A51499;https://texts.earlyprint.org/downloads/A51/A51499.xml.zip;eng000644
A51501;https://texts.earlyprint.org/downloads/A51/A51501.xml.zip;eng000645
A51504;https://texts.earlyprint.org/downloads/A51/A51504.xml.zip;eng000646
A51516;https://texts.earlyprint.org/downloads/A51/A51516.xml.zip;eng000647
A51517;https://texts.earlyprint.org/downloads/A51/A51517.xml.zip;eng000648
A51518;https://texts.earlyprint.org/downloads/A51/A51518.xml.zip;eng000649
A52477;https://texts.earlyprint.org/downloads/A52/A52477.xml.zip;eng000650
A52953;https://texts.earlyprint.org/downloads/A52/A52953.xml.zip;eng000651
A53060;https://texts.earlyprint.org/downloads/A53/A53060.xml.zip;eng000652
A53070_01;https://texts.earlyprint.org/downloads/A53/A53070_01.xml.zip;eng000653
A53070_02;https://texts.earlyprint.org/downloads/A53/A53070_02.xml.zip;eng000654
A53458;https://texts.earlyprint.org/downloads/A53/A53458.xml.zip;eng000655
A53459;https://texts.earlyprint.org/downloads/A53/A53459.xml.zip;eng000656
A53462;https://texts.earlyprint.org/downloads/A53/A53462.xml.zip;eng000657
A53468;https://texts.earlyprint.org/downloads/A53/A53468.xml.zip;eng000658
A53477;https://texts.earlyprint.org/downloads/A53/A53477.xml.zip;eng000659
A53507;https://texts.earlyprint.org/downloads/A53/A53507.xml.zip;eng000660
A53510;https://texts.earlyprint.org/downloads/A53/A53510.xml.zip;eng000661
A53511;https://texts.earlyprint.org/downloads/A53/A53511.xml.zip;eng000662
A53517;https://texts.earlyprint.org/downloads/A53/A53517.xml.zip;eng000663
A53521;https://texts.earlyprint.org/downloads/A53/A53521.xml.zip;eng000664
A53530;https://texts.earlyprint.org/downloads/A53/A53530.xml.zip;eng000665
A53534;https://texts.earlyprint.org/downloads/A53/A53534.xml.zip;eng000666
A54404;https://texts.earlyprint.org/downloads/A54/A54404.xml.zip;eng000667
A54800;https://texts.earlyprint.org/downloads/A54/A54800.xml.zip;eng000668
A54801;https://texts.earlyprint.org/downloads/A54/A54801.xml.zip;eng000669
A54921;https://texts.earlyprint.org/downloads/A54/A54921.xml.zip;eng000670
A54955;https://texts.earlyprint.org/downloads/A54/A54955.xml.zip;eng000671
A54956;https://texts.earlyprint.org/downloads/A54/A54956.xml.zip;eng000672
A54957;https://texts.earlyprint.org/downloads/A54/A54957.xml.zip;eng000673
A54958;https://texts.earlyprint.org/downloads/A54/A54958.xml.zip;eng000674
A54959;https://texts.earlyprint.org/downloads/A54/A54959.xml.zip;eng000675
A54960;https://texts.earlyprint.org/downloads/A54/A54960.xml.zip;eng000676
A55475;https://texts.earlyprint.org/downloads/A55/A55475.xml.zip;eng000677
A55482;https://texts.earlyprint.org/downloads/A55/A55482.xml.zip;eng000678
A55490;https://texts.earlyprint.org/downloads/A55/A55490.xml.zip;eng000679
A55492;https://texts.earlyprint.org/downloads/A55/A55492.xml.zip;eng000680
A55493;https://texts.earlyprint.org/downloads/A55/A55493.xml.zip;eng000681
A55496;https://texts.earlyprint.org/downloads/A55/A55496.xml.zip;eng000682
A55539;https://texts.earlyprint.org/downloads/A55/A55539.xml.zip;eng000683
A55540;https://texts.earlyprint.org/downloads/A55/A55540.xml.zip;eng000684
A55542;https://texts.earlyprint.org/downloads/A55/A55542.xml.zip;eng000685
A55543;https://texts.earlyprint.org/downloads/A55/A55543.xml.zip;eng000686
A55546;https://texts.earlyprint.org/downloads/A55/A55546.xml.zip;eng000687
A55548;https://texts.earlyprint.org/downloads/A55/A55548.xml.zip;eng000688
A56872;https://texts.earlyprint.org/downloads/A56/A56872.xml.zip;eng000689
A56909;https://texts.earlyprint.org/downloads/A56/A56909.xml.zip;eng000690
A57093;https://texts.earlyprint.org/downloads/A57/A57093.xml.zip;eng000691
A57763;https://texts.earlyprint.org/downloads/A57/A57763.xml.zip;eng000692
A57764;https://texts.earlyprint.org/downloads/A57/A57764.xml.zip;eng000693
A57849;https://texts.earlyprint.org/downloads/A57/A57849.xml.zip;eng000694
A57850;https://texts.earlyprint.org/downloads/A57/A57850.xml.zip;eng000695
A58109;https://texts.earlyprint.org/downloads/A58/A58109.xml.zip;eng000696
A58110;https://texts.earlyprint.org/downloads/A58/A58110.xml.zip;eng000697
A58111;https://texts.earlyprint.org/downloads/A58/A58111.xml.zip;eng000698
A58113;https://texts.earlyprint.org/downloads/A58/A58113.xml.zip;eng000699
A58114;https://texts.earlyprint.org/downloads/A58/A58114.xml.zip;eng000700
A58120;https://texts.earlyprint.org/downloads/A58/A58120.xml.zip;eng000701
A58121;https://texts.earlyprint.org/downloads/A58/A58121.xml.zip;eng000702
A58141;https://texts.earlyprint.org/downloads/A58/A58141.xml.zip;eng000703
A58142;https://texts.earlyprint.org/downloads/A58/A58142.xml.zip;eng000704
A59051;https://texts.earlyprint.org/downloads/A59/A59051.xml.zip;eng000705
A59053;https://texts.earlyprint.org/downloads/A59/A59053.xml.zip;eng000706
A59056;https://texts.earlyprint.org/downloads/A59/A59056.xml.zip;eng000707
A59189;https://texts.earlyprint.org/downloads/A59/A59189.xml.zip;eng000708
A59288;https://texts.earlyprint.org/downloads/A59/A59288.xml.zip;eng000709
A59295;https://texts.earlyprint.org/downloads/A59/A59295.xml.zip;eng000710
A59304;https://texts.earlyprint.org/downloads/A59/A59304.xml.zip;eng000711
A59307;https://texts.earlyprint.org/downloads/A59/A59307.xml.zip;eng000712
A59309;https://texts.earlyprint.org/downloads/A59/A59309.xml.zip;eng000713
A59311;https://texts.earlyprint.org/downloads/A59/A59311.xml.zip;eng000714
A59312;https://texts.earlyprint.org/downloads/A59/A59312.xml.zip;eng000715
A59314;https://texts.earlyprint.org/downloads/A59/A59314.xml.zip;eng000716
A59315;https://texts.earlyprint.org/downloads/A59/A59315.xml.zip;eng000717
A59320;https://texts.earlyprint.org/downloads/A59/A59320.xml.zip;eng000718
A59324;https://texts.earlyprint.org/downloads/A59/A59324.xml.zip;eng000719
A59332;https://texts.earlyprint.org/downloads/A59/A59332.xml.zip;eng000720
A59350;https://texts.earlyprint.org/downloads/A59/A59350.xml.zip;eng000721
A59351;https://texts.earlyprint.org/downloads/A59/A59351.xml.zip;eng000722
A59353;https://texts.earlyprint.org/downloads/A59/A59353.xml.zip;eng000723
A59354;https://texts.earlyprint.org/downloads/A59/A59354.xml.zip;eng000724
A59355;https://texts.earlyprint.org/downloads/A59/A59355.xml.zip;eng000725
A59356;https://texts.earlyprint.org/downloads/A59/A59356.xml.zip;eng000726
A59411;https://texts.earlyprint.org/downloads/A59/A59411.xml.zip;eng000727
A59419;https://texts.earlyprint.org/downloads/A59/A59419.xml.zip;eng000728
A59427;https://texts.earlyprint.org/downloads/A59/A59427.xml.zip;eng000729
A59429;https://texts.earlyprint.org/downloads/A59/A59429.xml.zip;eng000730
A59432;https://texts.earlyprint.org/downloads/A59/A59432.xml.zip;eng000731
A59437;https://texts.earlyprint.org/downloads/A59/A59437.xml.zip;eng000732
A59443;https://texts.earlyprint.org/downloads/A59/A59443.xml.zip;eng000733
A59445;https://texts.earlyprint.org/downloads/A59/A59445.xml.zip;eng000734
A59450;https://texts.earlyprint.org/downloads/A59/A59450.xml.zip;eng000735
A59452;https://texts.earlyprint.org/downloads/A59/A59452.xml.zip;eng000736
A59456;https://texts.earlyprint.org/downloads/A59/A59456.xml.zip;eng000737
A59460;https://texts.earlyprint.org/downloads/A59/A59460.xml.zip;eng000738
A59463;https://texts.earlyprint.org/downloads/A59/A59463.xml.zip;eng000739
A59466;https://texts.earlyprint.org/downloads/A59/A59466.xml.zip;eng000740
A59501;https://texts.earlyprint.org/downloads/A59/A59501.xml.zip;eng000741
A59503;https://texts.earlyprint.org/downloads/A59/A59503.xml.zip;eng000742
A59508;https://texts.earlyprint.org/downloads/A59/A59508.xml.zip;eng000743
A59520;https://texts.earlyprint.org/downloads/A59/A59520.xml.zip;eng000744
A59525;https://texts.earlyprint.org/downloads/A59/A59525.xml.zip;eng000745
A59615;https://texts.earlyprint.org/downloads/A59/A59615.xml.zip;eng000746
A59968;https://texts.earlyprint.org/downloads/A59/A59968.xml.zip;eng000747
A59979;https://texts.earlyprint.org/downloads/A59/A59979.xml.zip;eng000748
A59990;https://texts.earlyprint.org/downloads/A59/A59990.xml.zip;eng000749
A59992_04;https://texts.earlyprint.org/downloads/A59/A59992_04.xml.zip;eng000750
A59992_06;https://texts.earlyprint.org/downloads/A59/A59992_06.xml.zip;eng000751
A60959;https://texts.earlyprint.org/downloads/A60/A60959.xml.zip;eng000752
A60961;https://texts.earlyprint.org/downloads/A60/A60961.xml.zip;eng000753
A60964;https://texts.earlyprint.org/downloads/A60/A60964.xml.zip;eng000754
A60965;https://texts.earlyprint.org/downloads/A60/A60965.xml.zip;eng000755
A60971;https://texts.earlyprint.org/downloads/A60/A60971.xml.zip;eng000756
A61309;https://texts.earlyprint.org/downloads/A61/A61309.xml.zip;eng000757
A61310;https://texts.earlyprint.org/downloads/A61/A61310.xml.zip;eng000758
A61311;https://texts.earlyprint.org/downloads/A61/A61311.xml.zip;eng000759
A61942;https://texts.earlyprint.org/downloads/A61/A61942.xml.zip;eng000760
A62083;https://texts.earlyprint.org/downloads/A62/A62083.xml.zip;eng000761
A62223;https://texts.earlyprint.org/downloads/A62/A62223.xml.zip;eng000762
A62347;https://texts.earlyprint.org/downloads/A62/A62347.xml.zip;eng000763
A62477;https://texts.earlyprint.org/downloads/A62/A62477.xml.zip;eng000764
A62851;https://texts.earlyprint.org/downloads/A62/A62851.xml.zip;eng000765
A62863;https://texts.earlyprint.org/downloads/A62/A62863.xml.zip;eng000766
A62894;https://texts.earlyprint.org/downloads/A62/A62894.xml.zip;eng000767
A62946;https://texts.earlyprint.org/downloads/A62/A62946.xml.zip;eng000768
A62964;https://texts.earlyprint.org/downloads/A62/A62964.xml.zip;eng000769
A62967;https://texts.earlyprint.org/downloads/A62/A62967.xml.zip;eng000770
A63171;https://texts.earlyprint.org/downloads/A63/A63171.xml.zip;eng000771
A63181;https://texts.earlyprint.org/downloads/A63/A63181.xml.zip;eng000772
A63188;https://texts.earlyprint.org/downloads/A63/A63188.xml.zip;eng000773
A63229;https://texts.earlyprint.org/downloads/A63/A63229.xml.zip;eng000774
A63353;https://texts.earlyprint.org/downloads/A63/A63353.xml.zip;eng000775
A63358;https://texts.earlyprint.org/downloads/A63/A63358.xml.zip;eng000776
A64724;https://texts.earlyprint.org/downloads/A64/A64724.xml.zip;eng000777
A65052;https://texts.earlyprint.org/downloads/A65/A65052.xml.zip;eng000778
A65060;https://texts.earlyprint.org/downloads/A65/A65060.xml.zip;eng000779
A65075;https://texts.earlyprint.org/downloads/A65/A65075.xml.zip;eng000780
A65693;https://texts.earlyprint.org/downloads/A65/A65693.xml.zip;eng000781
A66563;https://texts.earlyprint.org/downloads/A66/A66563.xml.zip;eng000782
A66564;https://texts.earlyprint.org/downloads/A66/A66564.xml.zip;eng000783
A66565;https://texts.earlyprint.org/downloads/A66/A66565.xml.zip;eng000784
A66573;https://texts.earlyprint.org/downloads/A66/A66573.xml.zip;eng000785
A66801;https://texts.earlyprint.org/downloads/A66/A66801.xml.zip;eng000786
A66885;https://texts.earlyprint.org/downloads/A66/A66885.xml.zip;eng000787
A67192;https://texts.earlyprint.org/downloads/A67/A67192.xml.zip;eng000788
A67199;https://texts.earlyprint.org/downloads/A67/A67199.xml.zip;eng000789
A67201;https://texts.earlyprint.org/downloads/A67/A67201.xml.zip;eng000790
A67202;https://texts.earlyprint.org/downloads/A67/A67202.xml.zip;eng000791
A67336;https://texts.earlyprint.org/downloads/A67/A67336.xml.zip;eng000792
A68114;https://texts.earlyprint.org/downloads/A68/A68114.xml.zip;eng000793
A68191;https://texts.earlyprint.org/downloads/A68/A68191.xml.zip;eng000794
A68468;https://texts.earlyprint.org/downloads/A68/A68468.xml.zip;eng000795
A68488;https://texts.earlyprint.org/downloads/A68/A68488.xml.zip;eng000796
A68655;https://texts.earlyprint.org/downloads/A68/A68655.xml.zip;eng000797
A68683;https://texts.earlyprint.org/downloads/A68/A68683.xml.zip;eng000798
A68918;https://texts.earlyprint.org/downloads/A68/A68918.xml.zip;eng000799
A69093;https://texts.earlyprint.org/downloads/A69/A69093.xml.zip;eng000800
A69121;https://texts.earlyprint.org/downloads/A69/A69121.xml.zip;eng000801
A69867;https://texts.earlyprint.org/downloads/A69/A69867.xml.zip;eng000802
A70717;https://texts.earlyprint.org/downloads/A70/A70717.xml.zip;eng000803
A70960;https://texts.earlyprint.org/downloads/A70/A70960.xml.zip;eng000804
A71267;https://texts.earlyprint.org/downloads/A71/A71267.xml.zip;eng000805
A77565_01;https://texts.earlyprint.org/downloads/A77/A77565_01.xml.zip;eng000806
A77565_02;https://texts.earlyprint.org/downloads/A77/A77565_02.xml.zip;eng000807
A77565_04;https://texts.earlyprint.org/downloads/A77/A77565_04.xml.zip;eng000808
A77567_01;https://texts.earlyprint.org/downloads/A77/A77567_01.xml.zip;eng000809
A77567_02;https://texts.earlyprint.org/downloads/A77/A77567_02.xml.zip;eng000810
A77567_03;https://texts.earlyprint.org/downloads/A77/A77567_03.xml.zip;eng000811
A77567_04;https://texts.earlyprint.org/downloads/A77/A77567_04.xml.zip;eng000812
A77567_05;https://texts.earlyprint.org/downloads/A77/A77567_05.xml.zip;eng000813
A72254;https://texts.earlyprint.org/downloads/A72/A72254.xml.zip;eng000814
A73627;https://texts.earlyprint.org/downloads/A73/A73627.xml.zip;eng000815
A73704;https://texts.earlyprint.org/downloads/A73/A73704.xml.zip;eng000816
A93166;https://texts.earlyprint.org/downloads/A93/A93166.xml.zip;eng000817
A93167;https://texts.earlyprint.org/downloads/A93/A93167.xml.zip;eng000818
A93170;https://texts.earlyprint.org/downloads/A93/A93170.xml.zip;eng000819
A93178;https://texts.earlyprint.org/downloads/A93/A93178.xml.zip;eng000820
B07101;https://texts.earlyprint.org/downloads/B07/B07101.xml.zip;eng000821
A19812_00;https://texts.earlyprint.org/downloads/A19/A19812_00.xml.zip;eng000822
A19816_00;https://texts.earlyprint.org/downloads/A19/A19816_00.xml.zip;eng000823
A13393;https://texts.earlyprint.org/downloads/A13/A13393.xml.zip;eng000824
A07976;https://texts.earlyprint.org/downloads/A07/A07976.xml.zip;eng000825
A01513_00;https://texts.earlyprint.org/downloads/A01/A01513_00.xml.zip;eng000826
A11975;https://texts.earlyprint.org/downloads/A11/A11975.xml.zip;eng000827
A12010;https://texts.earlyprint.org/downloads/A12/A12010.xml.zip;eng000828
A11981;https://texts.earlyprint.org/downloads/A11/A11981.xml.zip;eng000829
A68931;https://texts.earlyprint.org/downloads/A68/A68931.xml.zip;eng000830
A12021;https://texts.earlyprint.org/downloads/A12/A12021.xml.zip;eng000831
A11966;https://texts.earlyprint.org/downloads/A11/A11966.xml.zip;eng000832
A59497;https://texts.earlyprint.org/downloads/A59/A59497.xml.zip;eng000833
A12035;https://texts.earlyprint.org/downloads/A12/A12035.xml.zip;eng000834
A11978;https://texts.earlyprint.org/downloads/A11/A11978.xml.zip;eng000835
A11988;https://texts.earlyprint.org/downloads/A11/A11988.xml.zip;eng000836
A11989;https://texts.earlyprint.org/downloads/A11/A11989.xml.zip;eng000837
A68727;https://texts.earlyprint.org/downloads/A68/A68727.xml.zip;eng000838
A12017;https://texts.earlyprint.org/downloads/A12/A12017.xml.zip;eng000839
A11983;https://texts.earlyprint.org/downloads/A11/A11983.xml.zip;eng000840
A11954;https://texts.earlyprint.org/downloads/A11/A11954.xml.zip;eng000841
A11991;https://texts.earlyprint.org/downloads/A11/A11991.xml.zip;eng000842
A68726;https://texts.earlyprint.org/downloads/A68/A68726.xml.zip;eng000843
A12040;https://texts.earlyprint.org/downloads/A12/A12040.xml.zip;eng000844
A93033;https://texts.earlyprint.org/downloads/A93/A93033.xml.zip;eng000845
A11974;https://texts.earlyprint.org/downloads/A11/A11974.xml.zip;eng000846
A11994;https://texts.earlyprint.org/downloads/A11/A11994.xml.zip;eng000847
A12001;https://texts.earlyprint.org/downloads/A12/A12001.xml.zip;eng000848
A11959;https://texts.earlyprint.org/downloads/A11/A11959.xml.zip;eng000849
A11992;https://texts.earlyprint.org/downloads/A11/A11992.xml.zip;eng000850
A10726;https://texts.earlyprint.org/downloads/A10/A10726.xml.zip;eng000851
A12016;https://texts.earlyprint.org/downloads/A12/A12016.xml.zip;eng000852